"ID","ID_nxt","x","y","is_canal","Q","V","H","slope","Q_design_m3s","Q_model_m3s","Q_source_id","Q_reference_short","Q_reference_url","Q_regime","Q_data_period","Q_season","Q_value_origin","Q_derivation_rule","Q_source_note","Q_lake_m3s","lake_throughflow_m3s","lake_transport_mode","lake_residence_time_days","C_w","C_sd","concentration_units"
"LakeIn_1356842","LakeOut_1356842",21.4755220569363,45.8541669124165,FALSE,0.41846427321434,0.97151807152521,0.092391916519534,2.61999988555908,NA,NA,NA,NA,NA,NA,NA,NA,NA,NA,NA,0.848803550004959,0.848803550004959,"legacy_pass_through",NA,NA,NA,"oocysts/L"
"LakeIn_1356842_02","LakeOut_1356842",21.4678807679355,45.8512144585611,FALSE,0.430339276790619,0.999595346681511,0.0910001761829371,2.82999992370605,NA,NA,NA,NA,NA,NA,NA,NA,NA,NA,NA,0.848803550004959,0.848803550004959,"legacy_pass_through",NA,NA,NA,"oocysts/L"
"LakeIn_1356896","LakeOut_1356896",21.364965439975,45.8399657649359,FALSE,0.1768928617239,0.735538874638918,0.0810164912682493,1.78999996185303,NA,NA,NA,NA,NA,NA,NA,NA,NA,NA,NA,0.1768928617239,0.1768928617239,"legacy_pass_through",NA,NA,NA,"oocysts/L"
"LakeIn_1357088","LakeOut_1357088",21.633521513731,45.7875002346364,FALSE,0.183392852544785,0.702339146253013,0.0863153799544585,1.5,NA,NA,NA,NA,NA,NA,NA,NA,NA,NA,NA,0.183392852544785,0.183392852544785,"legacy_pass_through",NA,NA,NA,"oocysts/L"
"LakeIn_1357311","LakeOut_1357311",21.138993732685,45.7193401052418,FALSE,0.200857162475586,0.537329095265774,0.117811902429762,0.5799999833107,NA,NA,NA,NA,NA,NA,NA,NA,NA,NA,NA,10.7920007705688,10.7920007705688,"legacy_pass_through",NA,NA,NA,"oocysts/L"
"LakeIn_1357311_02","LakeOut_1357311",21.1385275212977,45.721861022328,FALSE,10.5911436080933,1.14274025236471,0.365384332548963,0.5799999833107,NA,NA,NA,NA,NA,NA,NA,NA,NA,NA,NA,10.7920007705688,10.7920007705688,"legacy_pass_through",NA,NA,NA,"oocysts/L"
"LakeIn_1357846","LakeOut_1357846",20.7779564219508,45.5720437699898,FALSE,0.265928596258163,0.525251464501465,0.137735401322318,0.449999988079071,NA,NA,NA,NA,NA,NA,NA,NA,NA,NA,NA,0.265928596258163,0.265928596258163,"legacy_pass_through",NA,NA,NA,"oocysts/L"
"LakeIn_170408","LakeOut_170408",22.1635942369597,45.753072604449,FALSE,0.93730354309082,0.68898723690038,0.191201695276971,0.5,NA,NA,NA,NA,NA,NA,NA,NA,NA,NA,NA,1.12523211538792,1.12523211538792,"legacy_pass_through",NA,NA,NA,"oocysts/L"
"LakeIn_170408_02","LakeOut_170408",22.1661940599268,45.7541667416787,FALSE,0.187928572297096,0.507461613828867,0.120859214587891,0.5,NA,NA,NA,NA,NA,NA,NA,NA,NA,NA,NA,1.12523211538792,1.12523211538792,"legacy_pass_through",NA,NA,NA,"oocysts/L"
"LakeOut_1356842","P_00185",21.4664657824864,45.8497995053613,FALSE,0.848803550004959,1.27909964430455,0.0982441102093022,4.17999982833862,NA,NA,NA,NA,NA,NA,NA,NA,NA,NA,NA,0.848803550004959,0.848803550004959,"legacy_pass_through",NA,0,NA,"oocysts/L"
"LakeOut_1356896","P_00194",21.3624999994859,45.8361656116633,FALSE,0.1768928617239,0.735538874638918,0.0810164912682493,1.78999996185303,NA,NA,NA,NA,NA,NA,NA,NA,NA,NA,NA,0.1768928617239,0.1768928617239,"legacy_pass_through",NA,0,NA,"oocysts/L"
"LakeOut_1357088","P_00254",21.629730318584,45.7875000397207,FALSE,0.183392852544785,0.787917208954077,0.0769404063990334,2.20000004768372,NA,NA,NA,NA,NA,NA,NA,NA,NA,NA,NA,0.183392852544785,0.183392852544785,"legacy_pass_through",NA,0,NA,"oocysts/L"
"LakeOut_1357311","P_00355",21.1361030613622,45.7208334266831,FALSE,10.7920007705688,1.14683306071047,0.367349065468795,0.5799999833107,NA,NA,NA,NA,NA,NA,NA,NA,NA,NA,NA,10.7920007705688,10.7920007705688,"legacy_pass_through",NA,0.0203147404145209,NA,"oocysts/L"
"LakeOut_1357846","P_00399",20.7664337604249,45.5791667424164,FALSE,0.265928596258163,0.572599527477637,0.126346107159633,0.600000023841858,NA,NA,NA,NA,NA,NA,NA,NA,NA,NA,NA,0.265928596258163,0.265928596258163,"legacy_pass_through",NA,0,NA,"oocysts/L"
"LakeOut_170408","P_00267",22.1457667983142,45.7541684928148,FALSE,1.12523211538792,0.875634686349328,0.164110498111352,0.990000009536743,NA,NA,NA,NA,NA,NA,NA,NA,NA,NA,NA,1.12523211538792,1.12523211538792,"legacy_pass_through",NA,0,NA,"oocysts/L"
"P_00001","P_00002",21.8916666666665,45.9416666666665,FALSE,0.41632142663002,1.24494244948949,0.0719241670285598,5.98999977111816,NA,NA,NA,NA,NA,NA,NA,NA,NA,NA,NA,NA,NA,NA,NA,0,NA,"oocysts/L"
"P_00002","P_00011",21.9041666666665,45.9291666666665,FALSE,0.41632142663002,1.22836408666998,0.0728948767305365,5.73000001907349,NA,NA,NA,NA,NA,NA,NA,NA,NA,NA,NA,NA,NA,NA,NA,0,NA,"oocysts/L"
"P_00003","P_00004",21.9458333333332,45.9583333333332,FALSE,0.22338393330574,1.24399341593466,0.0535271669694888,8.82999992370605,NA,NA,NA,NA,NA,NA,NA,NA,NA,NA,NA,NA,NA,NA,NA,0,NA,"oocysts/L"
"P_00004","P_00005",21.9458333333332,45.9458333333332,FALSE,0.22338393330574,1.07593369710683,0.0618880544988339,5.46999979019165,NA,NA,NA,NA,NA,NA,NA,NA,NA,NA,NA,NA,NA,NA,NA,0,NA,"oocysts/L"
"P_00005","P_00006",21.9291666666665,45.9291666666665,FALSE,0.22338393330574,1.06935752671705,0.0622686441344871,5.3600001335144,NA,NA,NA,NA,NA,NA,NA,NA,NA,NA,NA,NA,NA,NA,NA,0,NA,"oocysts/L"
"P_00006","P_00011",21.9041666666665,45.9291666666665,FALSE,0.22338393330574,1.09112473234665,0.0610264265025609,5.73000001907349,NA,NA,NA,NA,NA,NA,NA,NA,NA,NA,NA,NA,NA,NA,NA,0,NA,"oocysts/L"
"P_00007","P_00008",21.8499999999999,45.9499999999999,FALSE,0.223214283585548,1.21292951795759,0.054878192670049,8.13000011444092,NA,NA,NA,NA,NA,NA,NA,NA,NA,NA,NA,NA,NA,NA,NA,0,NA,"oocysts/L"
"P_00008","P_00009",21.8374999999999,45.9374999999999,FALSE,0.223214283585548,1.06860059137199,0.0622902329636606,5.34999990463257,NA,NA,NA,NA,NA,NA,NA,NA,NA,NA,NA,NA,NA,NA,NA,0,NA,"oocysts/L"
"P_00009","P_00010",21.8374999999999,45.9208333333332,FALSE,0.223214283585548,1.07518418647472,0.0619088158280235,5.46000003814697,NA,NA,NA,NA,NA,NA,NA,NA,NA,NA,NA,NA,NA,NA,NA,0,NA,"oocysts/L"
"P_00010","P_00030",21.8541666666665,45.9041666666665,FALSE,0.223214283585548,0.759674467964241,0.0876209252629505,1.72000002861023,NA,NA,NA,NA,NA,NA,NA,NA,NA,NA,NA,NA,NA,NA,NA,0,NA,"oocysts/L"
"P_00011","P_00012",21.9041666666665,45.9291666666665,FALSE,0.476625025272369,1.26039557532822,0.0757646540966965,5.73000001907349,NA,NA,NA,NA,NA,NA,NA,NA,NA,NA,NA,NA,NA,NA,NA,0,NA,"oocysts/L"
"P_00012","P_00013",21.8874999999999,45.9124999999999,FALSE,0.476625025272369,1.14771365345595,0.0832031879225305,4.19999980926514,NA,NA,NA,NA,NA,NA,NA,NA,NA,NA,NA,NA,NA,NA,NA,0,NA,"oocysts/L"
"P_00013","P_00014",21.8708333333332,45.9124999999999,FALSE,0.476625025272369,0.915538359230052,0.104303040748678,1.98000001907349,NA,NA,NA,NA,NA,NA,NA,NA,NA,NA,NA,NA,NA,NA,NA,0,NA,"oocysts/L"
"P_00014","P_00015",21.8624999999999,45.9041666666665,FALSE,0.476625025272369,1.06151855928885,0.0899592700986071,3.24000000953674,NA,NA,NA,NA,NA,NA,NA,NA,NA,NA,NA,NA,NA,NA,NA,0,NA,"oocysts/L"
"P_00015","P_00030",21.8541666666665,45.9041666666665,FALSE,0.476625025272369,0.877652895811847,0.108805468819671,1.72000002861023,NA,NA,NA,NA,NA,NA,NA,NA,NA,NA,NA,NA,NA,NA,NA,0,NA,"oocysts/L"
"P_00016","P_00017",21.6791666666665,45.9749999999999,FALSE,0.32048211991787,1.2810943251014,0.0617143181634495,7.76000022888184,NA,NA,NA,NA,NA,NA,NA,NA,NA,NA,NA,NA,NA,NA,NA,0,NA,"oocysts/L"
"P_00017","P_00018",21.6791666666665,45.9208333333332,FALSE,0.32048211991787,1.05497227835491,0.074942123502983,4.07999992370605,NA,NA,NA,NA,NA,NA,NA,NA,NA,NA,NA,NA,NA,NA,NA,0,NA,"oocysts/L"
"P_00018","P_00019",21.6958333333332,45.9041666666665,FALSE,0.32048211991787,1.08217768972468,0.0730581156194524,4.44000005722046,NA,NA,NA,NA,NA,NA,NA,NA,NA,NA,NA,NA,NA,NA,NA,0,NA,"oocysts/L"
"P_00019","P_00044",21.6958333333332,45.8874999999999,FALSE,0.32048211991787,0.955963125172376,0.0827038833348737,2.94000005722046,NA,NA,NA,NA,NA,NA,NA,NA,NA,NA,NA,NA,NA,NA,NA,0,NA,"oocysts/L"
"P_00020","P_00021",21.7833333333332,45.9624999999999,FALSE,0.258357137441635,1.15822729907657,0.0616099663047238,6.36999988555908,NA,NA,NA,NA,NA,NA,NA,NA,NA,NA,NA,NA,NA,NA,NA,0,NA,"oocysts/L"
"P_00021","P_00022",21.7708333333332,45.9624999999999,FALSE,0.258357137441635,1.19792792006554,0.0595681456906141,7.11999988555908,NA,NA,NA,NA,NA,NA,NA,NA,NA,NA,NA,NA,NA,NA,NA,0,NA,"oocysts/L"
"P_00022","P_00044",21.6958333333332,45.8874999999999,FALSE,0.258357137441635,0.917555262952465,0.0777700785451387,2.94000005722046,NA,NA,NA,NA,NA,NA,NA,NA,NA,NA,NA,NA,NA,NA,NA,0,NA,"oocysts/L"
"P_00023","P_00024",22.0666666666665,45.8999999999999,FALSE,0.166500004474074,1.04780547557217,0.0552570948415399,6.03000020980835,NA,NA,NA,NA,NA,NA,NA,NA,NA,NA,NA,NA,NA,NA,NA,0,NA,"oocysts/L"
"P_00024","P_00062",22.0791666666665,45.8874999999999,FALSE,0.166500004474074,0.957971280921895,0.0604388541621604,4.48000001907349,NA,NA,NA,NA,NA,NA,NA,NA,NA,NA,NA,NA,NA,NA,NA,0,NA,"oocysts/L"
"P_00025","P_00026",22.0999999999999,45.9083333333332,FALSE,0.247160725295544,1.12162252247162,0.0622937017978027,5.8899998664856,NA,NA,NA,NA,NA,NA,NA,NA,NA,NA,NA,NA,NA,NA,NA,0,NA,"oocysts/L"
"P_00026","P_00062",22.0791666666665,45.8874999999999,FALSE,0.247160725295544,1.03276461437529,0.0676533819730158,4.48000001907349,NA,NA,NA,NA,NA,NA,NA,NA,NA,NA,NA,NA,NA,NA,NA,0,NA,"oocysts/L"
"P_00027","P_00028",21.8166666666665,45.8999999999999,FALSE,0.176750019192696,1.04302139985493,0.0571108903899319,5.71999979019165,NA,NA,NA,NA,NA,NA,NA,NA,NA,NA,NA,NA,NA,NA,NA,0,NA,"oocysts/L"
"P_00028","P_00029",21.8291666666665,45.8874999999999,FALSE,0.176750019192696,0.863934753202375,0.068949513398629,3.05999994277954,NA,NA,NA,NA,NA,NA,NA,NA,NA,NA,NA,NA,NA,NA,NA,0,NA,"oocysts/L"
"P_00029","P_00036",21.8291666666665,45.8791666666665,FALSE,0.176750019192696,0.729197882941874,0.0816895965209716,1.74000000953674,NA,NA,NA,NA,NA,NA,NA,NA,NA,NA,NA,NA,NA,NA,NA,0,NA,"oocysts/L"
"P_00030","P_00031",21.8541666666665,45.9041666666665,FALSE,0.693062484264374,0.94246389821132,0.121077549939739,1.72000002861023,NA,NA,NA,NA,NA,NA,NA,NA,NA,NA,NA,NA,NA,NA,NA,0,NA,"oocysts/L"
"P_00031","P_00036",21.8291666666665,45.8791666666665,FALSE,0.693062484264374,0.945740261674239,0.120658096441904,1.74000000953674,NA,NA,NA,NA,NA,NA,NA,NA,NA,NA,NA,NA,NA,NA,NA,0,NA,"oocysts/L"
"P_00032","P_00033",21.7958333333332,45.8999999999999,FALSE,0.205410711467266,1.03736738837283,0.0616777787882555,5.1100001335144,NA,NA,NA,NA,NA,NA,NA,NA,NA,NA,NA,NA,NA,NA,NA,0,NA,"oocysts/L"
"P_00033","P_00034",21.7958333333332,45.8874999999999,FALSE,0.205410711467266,1.02495348042226,0.0624248002707893,4.90999984741211,NA,NA,NA,NA,NA,NA,NA,NA,NA,NA,NA,NA,NA,NA,NA,0,NA,"oocysts/L"
"P_00034","P_00035",21.8124999999999,45.8708333333332,FALSE,0.205410711467266,0.739825189735196,0.0864832898229797,1.6599999666214,NA,NA,NA,NA,NA,NA,NA,NA,NA,NA,NA,NA,NA,NA,NA,0,NA,"oocysts/L"
"P_00035","P_00153",21.8208333333332,45.8708333333332,FALSE,0.205410711467266,0.592047588017542,0.108069887619091,0.790000021457672,NA,NA,NA,NA,NA,NA,NA,NA,NA,NA,NA,NA,NA,NA,NA,0,NA,"oocysts/L"
"P_00036","P_00037",21.8291666666665,45.8791666666665,FALSE,0.817026793956757,0.975823920405621,0.126460775876158,1.74000000953674,NA,NA,NA,NA,NA,NA,NA,NA,NA,NA,NA,NA,NA,NA,NA,0,NA,"oocysts/L"
"P_00037","P_00153",21.8208333333332,45.8708333333332,FALSE,0.817026793956757,0.769950863666763,0.160274448560679,0.790000021457672,NA,NA,NA,NA,NA,NA,NA,NA,NA,NA,NA,NA,NA,NA,NA,0,NA,"oocysts/L"
"P_00038","P_00039",21.6541666666665,45.9083333333332,FALSE,0.263624995946884,1.11161165351308,0.0648130053169449,5.48999977111816,NA,NA,NA,NA,NA,NA,NA,NA,NA,NA,NA,NA,NA,NA,NA,0,NA,"oocysts/L"
"P_00039","P_00040",21.6541666666665,45.8874999999999,FALSE,0.263624995946884,1.0593653412951,0.0680094856807774,4.67999982833862,NA,NA,NA,NA,NA,NA,NA,NA,NA,NA,NA,NA,NA,NA,NA,0,NA,"oocysts/L"
"P_00040","P_00041",21.6624999999999,45.8791666666665,FALSE,0.263624995946884,1.11949324266974,0.0643567011067484,5.61999988555908,NA,NA,NA,NA,NA,NA,NA,NA,NA,NA,NA,NA,NA,NA,NA,0,NA,"oocysts/L"
"P_00041","P_00042",21.6624999999999,45.8708333333332,FALSE,0.263624995946884,1.01422792393262,0.0710361944385857,4.05000019073486,NA,NA,NA,NA,NA,NA,NA,NA,NA,NA,NA,NA,NA,NA,NA,0,NA,"oocysts/L"
"P_00042","P_00043",21.6708333333332,45.8624999999999,FALSE,0.263624995946884,0.833730039530312,0.0864151327090348,2.10999989509583,NA,NA,NA,NA,NA,NA,NA,NA,NA,NA,NA,NA,NA,NA,NA,0,NA,"oocysts/L"
"P_00043","P_00115",21.6791666666665,45.8624999999999,FALSE,0.263624995946884,0.767276103345832,0.0938995645704964,1.60000002384186,NA,NA,NA,NA,NA,NA,NA,NA,NA,NA,NA,NA,NA,NA,NA,0,NA,"oocysts/L"
"P_00044","P_00045",21.6958333333332,45.8874999999999,FALSE,0.719517827033997,1.11501750335811,0.104180567554181,2.94000005722046,NA,NA,NA,NA,NA,NA,NA,NA,NA,NA,NA,NA,NA,NA,NA,0,NA,"oocysts/L"
"P_00045","P_00046",21.6874999999999,45.8791666666665,FALSE,0.719517827033997,0.762773511090397,0.152290495990922,0.8299999833107,NA,NA,NA,NA,NA,NA,NA,NA,NA,NA,NA,NA,NA,NA,NA,0,NA,"oocysts/L"
"P_00046","P_00047",21.6874999999999,45.8708333333332,FALSE,0.719517827033997,1.0745943101914,0.108099545317714,2.59999990463257,NA,NA,NA,NA,NA,NA,NA,NA,NA,NA,NA,NA,NA,NA,NA,0,NA,"oocysts/L"
"P_00047","P_00115",21.6791666666665,45.8624999999999,FALSE,0.719517827033997,0.928822941379593,0.125064908668336,1.60000002384186,NA,NA,NA,NA,NA,NA,NA,NA,NA,NA,NA,NA,NA,NA,NA,0,NA,"oocysts/L"
"P_00048","P_00049",22.2791666666665,45.8624999999999,FALSE,3.78323197364807,0.924587867060904,0.276726659794941,0.550000011920929,NA,NA,NA,NA,NA,NA,NA,NA,NA,NA,NA,NA,NA,NA,NA,8.7870188100787e-05,NA,"oocysts/L"
"P_00049","P_00074",22.2041666666665,45.8624999999999,FALSE,3.78323197364807,0.914369747045058,0.279819091746575,0.52999997138977,NA,NA,NA,NA,NA,NA,NA,NA,NA,NA,NA,NA,NA,NA,NA,8.54497388466762e-05,NA,"oocysts/L"
"P_00050","P_00051",22.3749999999999,45.8958333333332,FALSE,0.393446445465088,1.26419647872365,0.0689498209520684,6.53000020980835,NA,NA,NA,NA,NA,NA,NA,NA,NA,NA,NA,NA,NA,NA,NA,0,NA,"oocysts/L"
"P_00051","P_00052",22.3458333333332,45.8958333333332,FALSE,0.393446445465088,1.17325002839576,0.0742945823537864,5.09999990463257,NA,NA,NA,NA,NA,NA,NA,NA,NA,NA,NA,NA,NA,NA,NA,0,NA,"oocysts/L"
"P_00052","P_00053",22.3374999999999,45.8874999999999,FALSE,0.393446445465088,1.29940756406895,0.0670814325439815,7.15000009536743,NA,NA,NA,NA,NA,NA,NA,NA,NA,NA,NA,NA,NA,NA,NA,0,NA,"oocysts/L"
"P_00053","P_00054",22.3208333333332,45.8874999999999,FALSE,0.393446445465088,1.1969817052794,0.0728215982514823,5.44999980926514,NA,NA,NA,NA,NA,NA,NA,NA,NA,NA,NA,NA,NA,NA,NA,0,NA,"oocysts/L"
"P_00054","P_00055",22.3124999999999,45.8791666666665,FALSE,0.393446445465088,1.15416544095386,0.075523073004328,4.82999992370605,NA,NA,NA,NA,NA,NA,NA,NA,NA,NA,NA,NA,NA,NA,NA,0,NA,"oocysts/L"
"P_00055","P_00056",22.3041666666665,45.8791666666665,FALSE,0.393446445465088,1.14909811202544,0.0758561170225831,4.76000022888184,NA,NA,NA,NA,NA,NA,NA,NA,NA,NA,NA,NA,NA,NA,NA,0,NA,"oocysts/L"
"P_00056","P_00057",22.2874999999999,45.8624999999999,FALSE,0.393446445465088,1.0099747467619,0.0863052478645586,3.09999990463257,NA,NA,NA,NA,NA,NA,NA,NA,NA,NA,NA,NA,NA,NA,NA,0,NA,"oocysts/L"
"P_00057","P_00048",22.2791666666665,45.8624999999999,FALSE,0.393446445465088,0.601018169269052,0.145030758325062,0.550000011920929,NA,NA,NA,NA,NA,NA,NA,NA,NA,NA,NA,NA,NA,NA,NA,0,NA,"oocysts/L"
"P_00058","P_00059",22.0333333333332,45.8999999999999,FALSE,0.226642861962318,1.17240521165091,0.0571882912560667,7.19999980926514,NA,NA,NA,NA,NA,NA,NA,NA,NA,NA,NA,NA,NA,NA,NA,0,NA,"oocysts/L"
"P_00059","P_00060",22.0458333333332,45.8874999999999,FALSE,0.226642861962318,1.19794633272278,0.0559689936707194,7.73000001907349,NA,NA,NA,NA,NA,NA,NA,NA,NA,NA,NA,NA,NA,NA,NA,0,NA,"oocysts/L"
"P_00060","P_00061",22.0458333333332,45.8541666666665,FALSE,0.226642861962318,0.936596101505532,0.0715867283733582,3.42000007629395,NA,NA,NA,NA,NA,NA,NA,NA,NA,NA,NA,NA,NA,NA,NA,0,NA,"oocysts/L"
"P_00061","P_00108",22.0541666666665,45.8458333333332,FALSE,0.226642861962318,0.544064267582732,0.123235166705425,0.560000002384186,NA,NA,NA,NA,NA,NA,NA,NA,NA,NA,NA,NA,NA,NA,NA,0,NA,"oocysts/L"
"P_00062","P_00063",22.0791666666665,45.8874999999999,FALSE,0.406214267015457,1.13517669670068,0.0779619491679056,4.48000001907349,NA,NA,NA,NA,NA,NA,NA,NA,NA,NA,NA,NA,NA,NA,NA,0,NA,"oocysts/L"
"P_00063","P_00064",22.0791666666665,45.8791666666665,FALSE,0.406214267015457,1.10283843714313,0.0802480081797183,4.07000017166138,NA,NA,NA,NA,NA,NA,NA,NA,NA,NA,NA,NA,NA,NA,NA,0,NA,"oocysts/L"
"P_00064","P_00065",22.0708333333332,45.8708333333332,FALSE,0.406214267015457,1.02779901121687,0.0861069012121239,3.22000002861023,NA,NA,NA,NA,NA,NA,NA,NA,NA,NA,NA,NA,NA,NA,NA,0,NA,"oocysts/L"
"P_00065","P_00066",22.0791666666665,45.8624999999999,FALSE,0.406214267015457,0.638679700647934,0.138568030007822,0.660000026226044,NA,NA,NA,NA,NA,NA,NA,NA,NA,NA,NA,NA,NA,NA,NA,0,NA,"oocysts/L"
"P_00066","P_00067",22.0791666666665,45.8541666666665,FALSE,0.406214267015457,0.650054930623323,0.136143245371446,0.699999988079071,NA,NA,NA,NA,NA,NA,NA,NA,NA,NA,NA,NA,NA,NA,NA,0,NA,"oocysts/L"
"P_00067","P_00068",22.0708333333332,45.8458333333332,FALSE,0.406214267015457,0.597999243222688,0.147994481477651,0.52999997138977,NA,NA,NA,NA,NA,NA,NA,NA,NA,NA,NA,NA,NA,NA,NA,0,NA,"oocysts/L"
"P_00068","P_00108",22.0541666666665,45.8458333333332,FALSE,0.406214267015457,0.607959601711157,0.145569849831595,0.560000002384186,NA,NA,NA,NA,NA,NA,NA,NA,NA,NA,NA,NA,NA,NA,NA,0,NA,"oocysts/L"
"P_00069","P_00070",22.1374999999999,45.8916666666665,FALSE,0.280446439981461,1.13578231077943,0.0653281540696764,5.67000007629395,NA,NA,NA,NA,NA,NA,NA,NA,NA,NA,NA,NA,NA,NA,NA,0,NA,"oocysts/L"
"P_00070","P_00071",22.1374999999999,45.8791666666665,FALSE,0.280446439981461,1.12908386543499,0.0657157223300025,5.55999994277954,NA,NA,NA,NA,NA,NA,NA,NA,NA,NA,NA,NA,NA,NA,NA,0,NA,"oocysts/L"
"P_00071","P_00072",22.1124999999999,45.8541666666665,FALSE,0.280446439981461,0.817462324469127,0.0907669498241371,1.89999997615814,NA,NA,NA,NA,NA,NA,NA,NA,NA,NA,NA,NA,NA,NA,NA,0,NA,"oocysts/L"
"P_00072","P_00073",22.1208333333332,45.8458333333332,FALSE,0.280446439981461,0.871339371704188,0.0851546070311184,2.34999990463257,NA,NA,NA,NA,NA,NA,NA,NA,NA,NA,NA,NA,NA,NA,NA,0,NA,"oocysts/L"
"P_00073","P_00111",22.1208333333332,45.8374999999999,FALSE,0.280446439981461,0.530591546712622,0.139841206004737,0.449999988079071,NA,NA,NA,NA,NA,NA,NA,NA,NA,NA,NA,NA,NA,NA,NA,0,NA,"oocysts/L"
"P_00074","P_00075",22.2041666666665,45.8624999999999,FALSE,4.13667869567871,0.930043711494074,0.287044751758439,0.52999997138977,NA,NA,NA,NA,NA,NA,NA,NA,NA,NA,NA,NA,NA,NA,NA,7.81487294341536e-05,NA,"oocysts/L"
"P_00075","Source00001",22.1791666666665,45.8624999999999,FALSE,4.13667869567871,1.18847574208581,0.224627358251153,1.20000004768372,NA,NA,NA,NA,NA,NA,NA,NA,NA,NA,NA,NA,NA,NA,NA,7.76099802236807e-05,NA,"oocysts/L"
"P_00076","P_00077",22.1708333333332,45.8541666666665,FALSE,4.13667869567871,0.988772734846529,0.269995477101976,0.649999976158142,NA,NA,NA,NA,NA,NA,NA,NA,NA,NA,NA,NA,NA,NA,NA,0.00544912072278889,NA,"oocysts/L"
"P_00077","P_00078",22.1624999999999,45.8541666666665,FALSE,4.13667869567871,0.90280157270454,0.29570635936152,0.479999989271164,NA,NA,NA,NA,NA,NA,NA,NA,NA,NA,NA,NA,NA,NA,NA,0.00543161087352789,NA,"oocysts/L"
"P_00078","P_00079",22.1541666666665,45.8458333333332,FALSE,4.13667869567871,0.970109520937426,0.275189718818906,0.610000014305115,NA,NA,NA,NA,NA,NA,NA,NA,NA,NA,NA,NA,NA,NA,NA,0.00540562692869582,NA,"oocysts/L"
"P_00079","P_00080",22.1458333333332,45.8541666666665,FALSE,4.13667869567871,1.05233097957132,0.253688403622846,0.800000011920929,NA,NA,NA,NA,NA,NA,NA,NA,NA,NA,NA,NA,NA,NA,NA,0.00538009776673597,NA,"oocysts/L"
"P_00080","P_00081",22.1374999999999,45.8458333333332,FALSE,4.13667869567871,0.89134748167034,0.299506277607961,0.46000000834465,NA,NA,NA,NA,NA,NA,NA,NA,NA,NA,NA,NA,NA,NA,NA,0.00534769660392061,NA,"oocysts/L"
"P_00081","P_00082",22.1291666666665,45.8458333333332,FALSE,4.13667869567871,1.05626059149368,0.252744605299335,0.810000002384186,NA,NA,NA,NA,NA,NA,NA,NA,NA,NA,NA,NA,NA,NA,NA,0.00533438391163567,NA,"oocysts/L"
"P_00082","P_00111",22.1208333333332,45.8374999999999,FALSE,4.13667869567871,0.885489305223171,0.301487736458918,0.449999988079071,NA,NA,NA,NA,NA,NA,NA,NA,NA,NA,NA,NA,NA,NA,NA,0.00530192946766915,NA,"oocysts/L"
"P_00083","P_00084",22.3041666666665,45.8374999999999,FALSE,3.39052677154541,0.895497481954453,0.271200898066484,0.52999997138977,NA,NA,NA,NA,NA,NA,NA,NA,NA,NA,NA,NA,NA,NA,NA,9.97024594287334e-05,NA,"oocysts/L"
"P_00084","P_00048",22.2791666666665,45.8624999999999,FALSE,3.39052677154541,0.905504703621694,0.26820371042908,0.550000011920929,NA,NA,NA,NA,NA,NA,NA,NA,NA,NA,NA,NA,NA,NA,NA,9.80476862602219e-05,NA,"oocysts/L"
"P_00085","P_00086",22.3416666666665,45.8458333333332,FALSE,0.209508925676346,1.19298599328282,0.0541386773406837,8.01000022888184,NA,NA,NA,NA,NA,NA,NA,NA,NA,NA,NA,NA,NA,NA,NA,0,NA,"oocysts/L"
"P_00086","P_00087",22.3291666666665,45.8458333333332,FALSE,0.209508925676346,1.06522388387284,0.0606320274452311,5.51000022888184,NA,NA,NA,NA,NA,NA,NA,NA,NA,NA,NA,NA,NA,NA,NA,0,NA,"oocysts/L"
"P_00087","P_00088",22.3208333333332,45.8374999999999,FALSE,0.209508925676346,0.886160933932017,0.0728836956011066,2.99000000953674,NA,NA,NA,NA,NA,NA,NA,NA,NA,NA,NA,NA,NA,NA,NA,0,NA,"oocysts/L"
"P_00088","P_00083",22.3041666666665,45.8374999999999,FALSE,0.209508925676346,0.527204813092048,0.12250776578365,0.52999997138977,NA,NA,NA,NA,NA,NA,NA,NA,NA,NA,NA,NA,NA,NA,NA,0,NA,"oocysts/L"
"P_00089","P_00090",21.9958333333332,45.9333333333332,FALSE,0.374973192811012,1.31320048949282,0.0648754601902241,7.63000011444092,NA,NA,NA,NA,NA,NA,NA,NA,NA,NA,NA,NA,NA,NA,NA,0,NA,"oocysts/L"
"P_00090","P_00091",21.9958333333332,45.9208333333332,FALSE,0.374973192811012,1.23378464091676,0.0690513427161576,6.21000003814697,NA,NA,NA,NA,NA,NA,NA,NA,NA,NA,NA,NA,NA,NA,NA,0,NA,"oocysts/L"
"P_00091","P_00092",21.9791666666665,45.9041666666665,FALSE,0.374973192811012,1.16049526134886,0.0734121791922285,5.07000017166138,NA,NA,NA,NA,NA,NA,NA,NA,NA,NA,NA,NA,NA,NA,NA,0,NA,"oocysts/L"
"P_00092","P_00093",21.9791666666665,45.8958333333332,FALSE,0.374973192811012,1.14078809901593,0.0746803776716857,4.78999996185303,NA,NA,NA,NA,NA,NA,NA,NA,NA,NA,NA,NA,NA,NA,NA,0,NA,"oocysts/L"
"P_00093","P_00094",21.9708333333332,45.8874999999999,FALSE,0.374973192811012,1.02804557478267,0.0828703397666822,3.39000010490417,NA,NA,NA,NA,NA,NA,NA,NA,NA,NA,NA,NA,NA,NA,NA,0,NA,"oocysts/L"
"P_00094","P_00095",21.9708333333332,45.8791666666665,FALSE,0.374973192811012,1.16256188605812,0.0732816782483224,5.09999990463257,NA,NA,NA,NA,NA,NA,NA,NA,NA,NA,NA,NA,NA,NA,NA,0,NA,"oocysts/L"
"P_00095","P_00096",21.9624999999999,45.8708333333332,FALSE,0.374973192811012,0.845733884446827,0.100734388966333,1.76999998092651,NA,NA,NA,NA,NA,NA,NA,NA,NA,NA,NA,NA,NA,NA,NA,0,NA,"oocysts/L"
"P_00096","P_00097",21.9624999999999,45.8458333333332,FALSE,0.374973192811012,1.07478752057355,0.0792663521366632,3.9300000667572,NA,NA,NA,NA,NA,NA,NA,NA,NA,NA,NA,NA,NA,NA,NA,0,NA,"oocysts/L"
"P_00097","P_00098",21.9541666666665,45.8374999999999,FALSE,0.374973192811012,0.560746700287813,0.151930427828014,0.449999988079071,NA,NA,NA,NA,NA,NA,NA,NA,NA,NA,NA,NA,NA,NA,NA,0,NA,"oocysts/L"
"P_00098","P_00134",21.9541666666665,45.8291666666665,FALSE,0.374973192811012,0.595542978486883,0.143053464074635,0.550000011920929,NA,NA,NA,NA,NA,NA,NA,NA,NA,NA,NA,NA,NA,NA,NA,0,NA,"oocysts/L"
"P_00099","P_00100",21.9708333333332,45.8291666666665,FALSE,6.84147357940674,1.07280213102123,0.316143096603727,0.620000004768372,NA,NA,NA,NA,NA,NA,NA,NA,NA,NA,NA,NA,NA,NA,NA,0.0030486710265961,NA,"oocysts/L"
"P_00100","P_00134",21.9541666666665,45.8291666666665,FALSE,6.84147357940674,1.03492730621217,0.327712860321997,0.550000011920929,NA,NA,NA,NA,NA,NA,NA,NA,NA,NA,NA,NA,NA,NA,NA,0.00303396683475862,NA,"oocysts/L"
"P_00101","P_00102",21.9916666666665,45.8583333333332,FALSE,0.192982152104378,0.994437193491868,0.0624580333271036,4.61999988555908,NA,NA,NA,NA,NA,NA,NA,NA,NA,NA,NA,NA,NA,NA,NA,0,NA,"oocysts/L"
"P_00102","P_00103",21.9708333333332,45.8374999999999,FALSE,0.192982152104378,0.747825503617479,0.0830549253433816,1.78999996185303,NA,NA,NA,NA,NA,NA,NA,NA,NA,NA,NA,NA,NA,NA,NA,0,NA,"oocysts/L"
"P_00103","P_00099",21.9708333333332,45.8291666666665,FALSE,0.192982152104378,0.544032144575831,0.114167135144657,0.620000004768372,NA,NA,NA,NA,NA,NA,NA,NA,NA,NA,NA,NA,NA,NA,NA,0,NA,"oocysts/L"
"P_00104","P_00105",22.0291666666665,45.8291666666665,FALSE,6.60575008392334,0.9743823067982,0.342317775095673,0.46000000834465,NA,NA,NA,NA,NA,NA,NA,NA,NA,NA,NA,NA,NA,NA,NA,0.00320596131863813,NA,"oocysts/L"
"P_00105","P_00099",21.9708333333332,45.8291666666665,FALSE,6.60575008392334,1.06566777047953,0.312994718049564,0.620000004768372,NA,NA,NA,NA,NA,NA,NA,NA,NA,NA,NA,NA,NA,NA,NA,0.00315746160780764,NA,"oocysts/L"
"P_00106","P_00107",22.0458333333332,45.8291666666665,FALSE,5.72406244277954,0.994904020995239,0.313168121257773,0.540000021457672,NA,NA,NA,NA,NA,NA,NA,NA,NA,NA,NA,NA,NA,NA,NA,0.0037195341055786,NA,"oocysts/L"
"P_00107","P_00104",22.0291666666665,45.8291666666665,FALSE,5.72406244277954,0.948176847323054,0.328601382713078,0.46000000834465,NA,NA,NA,NA,NA,NA,NA,NA,NA,NA,NA,NA,NA,NA,NA,0.00369978131114955,NA,"oocysts/L"
"P_00108","P_00109",22.0541666666665,45.8458333333332,FALSE,0.607749998569489,0.656404384953833,0.163311422492338,0.560000002384186,NA,NA,NA,NA,NA,NA,NA,NA,NA,NA,NA,NA,NA,NA,NA,0,NA,"oocysts/L"
"P_00109","P_00110",22.0458333333332,45.8374999999999,FALSE,0.607749998569489,0.593377442191359,0.180657918914363,0.400000005960464,NA,NA,NA,NA,NA,NA,NA,NA,NA,NA,NA,NA,NA,NA,NA,0,NA,"oocysts/L"
"P_00110","P_00106",22.0458333333332,45.8291666666665,FALSE,0.607749998569489,0.649281318084898,0.165103062187601,0.540000021457672,NA,NA,NA,NA,NA,NA,NA,NA,NA,NA,NA,NA,NA,NA,NA,0,NA,"oocysts/L"
"P_00111","P_00112",22.1208333333332,45.8374999999999,FALSE,4.50551795959473,0.899999163650043,0.308928396063413,0.449999988079071,NA,NA,NA,NA,NA,NA,NA,NA,NA,NA,NA,NA,NA,NA,NA,0.00486789285307187,NA,"oocysts/L"
"P_00112","P_00113",22.0958333333332,45.8374999999999,FALSE,4.50551795959473,0.887807196731038,0.313170809054674,0.430000007152557,NA,NA,NA,NA,NA,NA,NA,NA,NA,NA,NA,NA,NA,NA,NA,0.00482601581460483,NA,"oocysts/L"
"P_00113","P_00114",22.0874999999999,45.8291666666665,FALSE,4.50551795959473,1.17035668470487,0.237564583274827,1.08000004291534,NA,NA,NA,NA,NA,NA,NA,NA,NA,NA,NA,NA,NA,NA,NA,0.00480788252194735,NA,"oocysts/L"
"P_00114","P_00106",22.0458333333332,45.8291666666665,FALSE,4.50551795959473,0.950599687262353,0.292484104308449,0.540000021457672,NA,NA,NA,NA,NA,NA,NA,NA,NA,NA,NA,NA,NA,NA,NA,0.00472550451897326,NA,"oocysts/L"
"P_00115","P_00116",21.6791666666665,45.8624999999999,FALSE,0.974482119083405,0.984014716058549,0.136376160692454,1.60000002384186,NA,NA,NA,NA,NA,NA,NA,NA,NA,NA,NA,NA,NA,NA,NA,0,NA,"oocysts/L"
"P_00116","P_00117",21.6791666666665,45.8458333333332,FALSE,0.974482119083405,0.702322042317845,0.191074949887744,0.519999980926514,NA,NA,NA,NA,NA,NA,NA,NA,NA,NA,NA,NA,NA,NA,NA,0,NA,"oocysts/L"
"P_00117","P_00118",21.6874999999999,45.8374999999999,FALSE,0.974482119083405,0.681340182941662,0.196959099728352,0.469999998807907,NA,NA,NA,NA,NA,NA,NA,NA,NA,NA,NA,NA,NA,NA,NA,0,NA,"oocysts/L"
"P_00118","P_00119",21.6958333333332,45.8374999999999,FALSE,0.974482119083405,1.02617604600972,0.130773028236978,1.8400000333786,NA,NA,NA,NA,NA,NA,NA,NA,NA,NA,NA,NA,NA,NA,NA,0,NA,"oocysts/L"
"P_00119","P_00120",21.7041666666665,45.8291666666665,FALSE,0.974482119083405,1.03117049710534,0.130139632017838,1.87000000476837,NA,NA,NA,NA,NA,NA,NA,NA,NA,NA,NA,NA,NA,NA,NA,0,NA,"oocysts/L"
"P_00120","P_00121",21.7124999999999,45.8291666666665,FALSE,0.974482119083405,1.01601389474669,0.132081017528207,1.77999997138977,NA,NA,NA,NA,NA,NA,NA,NA,NA,NA,NA,NA,NA,NA,NA,0,NA,"oocysts/L"
"P_00121","P_00122",21.7208333333332,45.8208333333332,FALSE,0.974482119083405,1.18368248389315,0.113371745266997,2.96000003814697,NA,NA,NA,NA,NA,NA,NA,NA,NA,NA,NA,NA,NA,NA,NA,0,NA,"oocysts/L"
"P_00122","P_00201",21.7291666666665,45.8208333333332,FALSE,0.974482119083405,0.777563086419099,0.172585544999251,0.730000019073486,NA,NA,NA,NA,NA,NA,NA,NA,NA,NA,NA,NA,NA,NA,NA,0,NA,"oocysts/L"
"P_00123","P_00124",21.7291666666665,45.8833333333332,FALSE,0.21582143008709,1.15116623221719,0.0569034149428863,6.98999977111816,NA,NA,NA,NA,NA,NA,NA,NA,NA,NA,NA,NA,NA,NA,NA,0,NA,"oocysts/L"
"P_00124","P_00125",21.7291666666665,45.8708333333332,FALSE,0.21582143008709,1.09080433465647,0.0600522822461317,5.84999990463257,NA,NA,NA,NA,NA,NA,NA,NA,NA,NA,NA,NA,NA,NA,NA,0,NA,"oocysts/L"
"P_00125","P_00126",21.7208333333332,45.8624999999999,FALSE,0.21582143008709,1.02110005451054,0.0641516857145732,4.69999980926514,NA,NA,NA,NA,NA,NA,NA,NA,NA,NA,NA,NA,NA,NA,NA,0,NA,"oocysts/L"
"P_00126","P_00127",21.7208333333332,45.8458333333332,FALSE,0.21582143008709,0.980669214922568,0.066796518931479,4.1100001335144,NA,NA,NA,NA,NA,NA,NA,NA,NA,NA,NA,NA,NA,NA,NA,0,NA,"oocysts/L"
"P_00127","P_00128",21.7291666666665,45.8374999999999,FALSE,0.21582143008709,0.92873168399069,0.070531985620026,3.4300000667572,NA,NA,NA,NA,NA,NA,NA,NA,NA,NA,NA,NA,NA,NA,NA,0,NA,"oocysts/L"
"P_00128","P_00129",21.7208333333332,45.8291666666665,FALSE,0.21582143008709,0.849560606557553,0.0771049049055176,2.54999995231628,NA,NA,NA,NA,NA,NA,NA,NA,NA,NA,NA,NA,NA,NA,NA,0,NA,"oocysts/L"
"P_00129","P_00201",21.7291666666665,45.8208333333332,FALSE,0.21582143008709,0.583646872299642,0.112234456979089,0.730000019073486,NA,NA,NA,NA,NA,NA,NA,NA,NA,NA,NA,NA,NA,NA,NA,0,NA,"oocysts/L"
"P_00130","P_00131",21.9208333333332,45.8833333333332,FALSE,0.238312505185604,1.0874545095975,0.0631462244876707,5.44000005722046,NA,NA,NA,NA,NA,NA,NA,NA,NA,NA,NA,NA,NA,NA,NA,0,NA,"oocysts/L"
"P_00131","P_00132",21.9208333333332,45.8541666666665,FALSE,0.238312505185604,1.0058831597943,0.0682670207911779,4.19999980926514,NA,NA,NA,NA,NA,NA,NA,NA,NA,NA,NA,NA,NA,NA,NA,0,NA,"oocysts/L"
"P_00132","P_00133",21.9124999999999,45.8458333333332,FALSE,0.238312505185604,0.771869595658268,0.0889640516603212,1.74000000953674,NA,NA,NA,NA,NA,NA,NA,NA,NA,NA,NA,NA,NA,NA,NA,0,NA,"oocysts/L"
"P_00133","P_00166",21.9124999999999,45.8208333333332,FALSE,0.238312505185604,0.560775769678962,0.122452948747207,0.600000023841858,NA,NA,NA,NA,NA,NA,NA,NA,NA,NA,NA,NA,NA,NA,NA,0,NA,"oocysts/L"
"P_00134","P_00135",21.9541666666665,45.8291666666665,FALSE,7.01299095153809,1.03981543676301,0.33003736165808,0.550000011920929,NA,NA,NA,NA,NA,NA,NA,NA,NA,NA,NA,NA,NA,NA,NA,0.00295976482562622,NA,"oocysts/L"
"P_00135","P_00136",21.9374999999999,45.8291666666665,FALSE,7.01299095153809,1.59537761249156,0.215107658947686,2.28999996185303,NA,NA,NA,NA,NA,NA,NA,NA,NA,NA,NA,NA,NA,NA,NA,0.00295086552493153,NA,"oocysts/L"
"P_00136","P_00137",21.9291666666665,45.8208333333332,FALSE,7.01299095153809,0.96579829391319,0.35533086517489,0.430000007152557,NA,NA,NA,NA,NA,NA,NA,NA,NA,NA,NA,NA,NA,NA,NA,0.00293165096251514,NA,"oocysts/L"
"P_00137","P_00166",21.9124999999999,45.8208333333332,FALSE,7.01299095153809,1.06731740563237,0.321533164876364,0.600000023841858,NA,NA,NA,NA,NA,NA,NA,NA,NA,NA,NA,NA,NA,NA,NA,0.00291936687902686,NA,"oocysts/L"
"P_00138","P_00139",22.3208333333332,45.8208333333332,FALSE,3.13416087627411,1.3061937316897,0.179103052827907,1.96000003814697,NA,NA,NA,NA,NA,NA,NA,NA,NA,NA,NA,NA,NA,NA,NA,0.000109715311797252,NA,"oocysts/L"
"P_00139","P_00083",22.3041666666665,45.8374999999999,FALSE,3.13416087627411,0.882198683967237,0.265182083335539,0.52999997138977,NA,NA,NA,NA,NA,NA,NA,NA,NA,NA,NA,NA,NA,NA,NA,0.000107857851344219,NA,"oocysts/L"
"P_00140","P_00141",22.3374999999999,45.8124999999999,FALSE,1.78210723400116,2.01381600607442,0.0888061137283014,11.710000038147,NA,NA,NA,NA,NA,NA,NA,NA,NA,NA,NA,NA,NA,NA,NA,0,NA,"oocysts/L"
"P_00141","P_00142",22.3291666666665,45.8124999999999,FALSE,1.78210723400116,1.71958707419524,0.104001231427618,6.98000001907349,NA,NA,NA,NA,NA,NA,NA,NA,NA,NA,NA,NA,NA,NA,NA,0,NA,"oocysts/L"
"P_00142","P_00138",22.3208333333332,45.8208333333332,FALSE,1.78210723400116,1.17313616480554,0.15244536706697,1.96000003814697,NA,NA,NA,NA,NA,NA,NA,NA,NA,NA,NA,NA,NA,NA,NA,0,NA,"oocysts/L"
"P_00143","P_00144",22.1499999999999,45.7999999999999,FALSE,0.237267851829529,0.886791476424928,0.0772732677437274,2.76999998092651,NA,NA,NA,NA,NA,NA,NA,NA,NA,NA,NA,NA,NA,NA,NA,0,NA,"oocysts/L"
"P_00144","P_00145",22.1374999999999,45.8124999999999,FALSE,0.237267851829529,0.713068444139726,0.0960991553529065,1.3400000333786,NA,NA,NA,NA,NA,NA,NA,NA,NA,NA,NA,NA,NA,NA,NA,0,NA,"oocysts/L"
"P_00145","P_00146",22.1291666666665,45.8124999999999,FALSE,0.237267851829529,0.734655130307517,0.0932754327352959,1.48000001907349,NA,NA,NA,NA,NA,NA,NA,NA,NA,NA,NA,NA,NA,NA,NA,0,NA,"oocysts/L"
"P_00146","P_00147",22.1208333333332,45.8208333333332,FALSE,0.237267851829529,0.61982506438894,0.110555831197622,0.839999973773956,NA,NA,NA,NA,NA,NA,NA,NA,NA,NA,NA,NA,NA,NA,NA,0,NA,"oocysts/L"
"P_00147","P_00111",22.1208333333332,45.8374999999999,FALSE,0.237267851829529,0.513975534678915,0.133324001955554,0.449999988079071,NA,NA,NA,NA,NA,NA,NA,NA,NA,NA,NA,NA,NA,NA,NA,0,NA,"oocysts/L"
"P_00148","P_00149",22.2666666666665,45.7999999999999,FALSE,0.28339284658432,1.02289811078184,0.0728991588636706,3.98000001907349,NA,NA,NA,NA,NA,NA,NA,NA,NA,NA,NA,NA,NA,NA,NA,0,NA,"oocysts/L"
"P_00149","P_00150",22.2374999999999,45.8291666666665,FALSE,0.28339284658432,0.803203483783337,0.0928387555392481,1.77999997138977,NA,NA,NA,NA,NA,NA,NA,NA,NA,NA,NA,NA,NA,NA,NA,0,NA,"oocysts/L"
"P_00150","P_00151",22.2291666666665,45.8291666666665,FALSE,0.28339284658432,0.81518544178581,0.0914741702401827,1.87000000476837,NA,NA,NA,NA,NA,NA,NA,NA,NA,NA,NA,NA,NA,NA,NA,0,NA,"oocysts/L"
"P_00151","P_00152",22.2041666666665,45.8541666666665,FALSE,0.28339284658432,0.579572542662743,0.12866104998115,0.600000023841858,NA,NA,NA,NA,NA,NA,NA,NA,NA,NA,NA,NA,NA,NA,NA,0,NA,"oocysts/L"
"P_00152","P_00074",22.2041666666665,45.8624999999999,FALSE,0.28339284658432,0.558398354183684,0.133539813146914,0.52999997138977,NA,NA,NA,NA,NA,NA,NA,NA,NA,NA,NA,NA,NA,NA,NA,0,NA,"oocysts/L"
"P_00153","P_00154",21.8208333333332,45.8708333333332,FALSE,0.986285746097565,0.798037257230291,0.169123721527093,0.790000021457672,NA,NA,NA,NA,NA,NA,NA,NA,NA,NA,NA,NA,NA,NA,NA,0,NA,"oocysts/L"
"P_00154","P_00155",21.8208333333332,45.8624999999999,FALSE,0.986285746097565,1.22245441263271,0.110406596324023,3.26999998092651,NA,NA,NA,NA,NA,NA,NA,NA,NA,NA,NA,NA,NA,NA,NA,0,NA,"oocysts/L"
"P_00155","P_00156",21.7791666666665,45.8208333333332,FALSE,0.986285746097565,0.731117168800743,0.184603831806396,0.589999973773956,NA,NA,NA,NA,NA,NA,NA,NA,NA,NA,NA,NA,NA,NA,NA,0,NA,"oocysts/L"
"P_00156","P_00157",21.7791666666665,45.8124999999999,FALSE,0.986285746097565,0.864155661323562,0.156183702659938,1.02999997138977,NA,NA,NA,NA,NA,NA,NA,NA,NA,NA,NA,NA,NA,NA,NA,0,NA,"oocysts/L"
"P_00157","P_00206",21.7958333333332,45.7958333333332,FALSE,0.986285746097565,0.707967383023534,0.190640182155926,0.52999997138977,NA,NA,NA,NA,NA,NA,NA,NA,NA,NA,NA,NA,NA,NA,NA,0,NA,"oocysts/L"
"P_00158","P_00159",21.8208333333332,45.7958333333332,FALSE,7.8176429271698,0.992793097281239,0.364001320920813,0.439999997615814,NA,NA,NA,NA,NA,NA,NA,NA,NA,NA,NA,NA,NA,NA,NA,0.0025437178729502,NA,"oocysts/L"
"P_00159","P_00206",21.7958333333332,45.7958333333332,FALSE,7.8176429271698,1.04980069390694,0.344234863730687,0.52999997138977,NA,NA,NA,NA,NA,NA,NA,NA,NA,NA,NA,NA,NA,NA,NA,0.00252783708901872,NA,"oocysts/L"
"P_00160","P_00161",21.8666666666665,45.8499999999999,FALSE,0.275982156395912,1.04390852380124,0.0705370960566732,4.32999992370605,NA,NA,NA,NA,NA,NA,NA,NA,NA,NA,NA,NA,NA,NA,NA,0,NA,"oocysts/L"
"P_00161","P_00162",21.8458333333332,45.8291666666665,FALSE,0.275982156395912,0.982504662818561,0.0749454721227575,3.53999996185303,NA,NA,NA,NA,NA,NA,NA,NA,NA,NA,NA,NA,NA,NA,NA,0,NA,"oocysts/L"
"P_00162","P_00163",21.8374999999999,45.8291666666665,FALSE,0.275982156395912,0.934809736066513,0.0787692649924524,3,NA,NA,NA,NA,NA,NA,NA,NA,NA,NA,NA,NA,NA,NA,NA,0,NA,"oocysts/L"
"P_00163","P_00164",21.8208333333332,45.8124999999999,FALSE,0.275982156395912,0.65341798994794,0.112690922121098,0.910000026226044,NA,NA,NA,NA,NA,NA,NA,NA,NA,NA,NA,NA,NA,NA,NA,0,NA,"oocysts/L"
"P_00164","P_00165",21.8291666666665,45.8041666666665,FALSE,0.275982156395912,0.570821805353514,0.128996956891206,0.5799999833107,NA,NA,NA,NA,NA,NA,NA,NA,NA,NA,NA,NA,NA,NA,NA,0,NA,"oocysts/L"
"P_00165","P_00158",21.8208333333332,45.7958333333332,FALSE,0.275982156395912,0.525419362886226,0.14014381847913,0.439999997615814,NA,NA,NA,NA,NA,NA,NA,NA,NA,NA,NA,NA,NA,NA,NA,0,NA,"oocysts/L"
"P_00166","P_00167",21.9124999999999,45.8208333333332,FALSE,7.26148223876953,1.07441313398252,0.324744908315499,0.600000023841858,NA,NA,NA,NA,NA,NA,NA,NA,NA,NA,NA,NA,NA,NA,NA,0.0028194647915719,NA,"oocysts/L"
"P_00167","P_00168",21.9041666666665,45.8124999999999,FALSE,7.26148223876953,0.944153386490241,0.369548210789294,0.389999985694885,NA,NA,NA,NA,NA,NA,NA,NA,NA,NA,NA,NA,NA,NA,NA,0.00280678019991629,NA,"oocysts/L"
"P_00168","P_00169",21.8624999999999,45.8124999999999,FALSE,7.26148223876953,1.26353234996158,0.27613871120809,1.02999997138977,NA,NA,NA,NA,NA,NA,NA,NA,NA,NA,NA,NA,NA,NA,NA,0.0027828916140734,NA,"oocysts/L"
"P_00169","P_00170",21.8541666666665,45.8041666666665,FALSE,7.26148223876953,0.881314562245548,0.395897457769352,0.310000002384186,NA,NA,NA,NA,NA,NA,NA,NA,NA,NA,NA,NA,NA,NA,NA,0.00276725393528426,NA,"oocysts/L"
"P_00170","P_00171",21.8374999999999,45.8041666666665,FALSE,7.26148223876953,0.913993689764634,0.381742454674901,0.349999994039536,NA,NA,NA,NA,NA,NA,NA,NA,NA,NA,NA,NA,NA,NA,NA,0.00275501713573479,NA,"oocysts/L"
"P_00171","P_00172",21.8291666666665,45.7958333333332,FALSE,7.26148223876953,0.99209055927499,0.35169188077256,0.46000000834465,NA,NA,NA,NA,NA,NA,NA,NA,NA,NA,NA,NA,NA,NA,NA,0.00274488218882645,NA,"oocysts/L"
"P_00172","P_00158",21.8208333333332,45.7958333333332,FALSE,7.26148223876953,0.978947787419096,0.356413487187085,0.439999997615814,NA,NA,NA,NA,NA,NA,NA,NA,NA,NA,NA,NA,NA,NA,NA,0.00273854254328579,NA,"oocysts/L"
"P_00173","P_00174",22.3583333333332,45.7916666666665,FALSE,0.899776726961136,1.73594559725781,0.0744259491353351,11.0299997329712,NA,NA,NA,NA,NA,NA,NA,NA,NA,NA,NA,NA,NA,NA,NA,0,NA,"oocysts/L"
"P_00174","P_00140",22.3374999999999,45.8124999999999,FALSE,0.899776726961136,1.7682306895646,0.07306704916146,11.710000038147,NA,NA,NA,NA,NA,NA,NA,NA,NA,NA,NA,NA,NA,NA,NA,0,NA,"oocysts/L"
"P_00175","P_00176",21.5833333333332,45.8833333333332,FALSE,0.376491084694862,1.22441640108179,0.0697135246788612,6.03999996185303,NA,NA,NA,NA,NA,NA,NA,NA,NA,NA,NA,NA,NA,NA,NA,0,NA,"oocysts/L"
"P_00176","P_00177",21.5708333333332,45.8708333333332,FALSE,0.376491084694862,1.17434755800071,0.0726857925598601,5.26000022888184,NA,NA,NA,NA,NA,NA,NA,NA,NA,NA,NA,NA,NA,NA,NA,0,NA,"oocysts/L"
"P_00177","P_00178",21.5708333333332,45.8624999999999,FALSE,0.376491084694862,1.15021254458996,0.0742109650911933,4.90999984741211,NA,NA,NA,NA,NA,NA,NA,NA,NA,NA,NA,NA,NA,NA,NA,0,NA,"oocysts/L"
"P_00178","P_00179",21.5624999999999,45.8624999999999,FALSE,0.376491084694862,1.16345598360426,0.0733662331853649,5.09999990463257,NA,NA,NA,NA,NA,NA,NA,NA,NA,NA,NA,NA,NA,NA,NA,0,NA,"oocysts/L"
"P_00179","P_00180",21.5541666666665,45.8541666666665,FALSE,0.376491084694862,1.13003658442183,0.0755359465089269,4.63000011444092,NA,NA,NA,NA,NA,NA,NA,NA,NA,NA,NA,NA,NA,NA,NA,0,NA,"oocysts/L"
"P_00180","P_00181",21.5374999999999,45.8541666666665,FALSE,0.376491084694862,1.08215748078348,0.0788779678649163,4.01000022888184,NA,NA,NA,NA,NA,NA,NA,NA,NA,NA,NA,NA,NA,NA,NA,0,NA,"oocysts/L"
"P_00181","P_00182",21.5291666666665,45.8458333333332,FALSE,0.376491084694862,1.19026600951944,0.071713702912915,5.5,NA,NA,NA,NA,NA,NA,NA,NA,NA,NA,NA,NA,NA,NA,NA,0,NA,"oocysts/L"
"P_00182","P_00183",21.4958333333332,45.8458333333332,FALSE,0.376491084694862,1.2163922426939,0.0701734029518124,5.90999984741211,NA,NA,NA,NA,NA,NA,NA,NA,NA,NA,NA,NA,NA,NA,NA,0,NA,"oocysts/L"
"P_00183","LakeIn_1356842",21.4874999999999,45.8541666666665,FALSE,0.41846427321434,1.03651238147762,0.0865984991260948,3.25,NA,NA,NA,NA,NA,NA,NA,NA,NA,NA,NA,NA,NA,NA,NA,0,NA,"oocysts/L"
"P_00184","LakeIn_1356842_02",21.4708333333332,45.8541666666665,FALSE,0.430339276790619,0.999595346681511,0.0910001761829371,2.82999992370605,NA,NA,NA,NA,NA,NA,NA,NA,NA,NA,NA,NA,NA,NA,NA,0,NA,"oocysts/L"
"P_00185","P_00186",21.4624999999999,45.8458333333332,FALSE,0.376491084694862,1.0957676864202,0.0778982480062704,4.17999982833862,NA,NA,NA,NA,NA,NA,NA,NA,NA,NA,NA,NA,NA,NA,NA,0,NA,"oocysts/L"
"P_00186","P_00187",21.4458333333332,45.8458333333332,FALSE,0.376491084694862,0.85066545130543,0.100343070078874,1.79999995231628,NA,NA,NA,NA,NA,NA,NA,NA,NA,NA,NA,NA,NA,NA,NA,0,NA,"oocysts/L"
"P_00187","P_00188",21.4374999999999,45.8374999999999,FALSE,0.376491084694862,0.969281467582182,0.0880635665168958,2.77999997138977,NA,NA,NA,NA,NA,NA,NA,NA,NA,NA,NA,NA,NA,NA,NA,0,NA,"oocysts/L"
"P_00188","P_00189",21.4291666666665,45.8374999999999,FALSE,0.376491084694862,0.926251976928419,0.0921546027648741,2.39000010490417,NA,NA,NA,NA,NA,NA,NA,NA,NA,NA,NA,NA,NA,NA,NA,0,NA,"oocysts/L"
"P_00189","P_00190",21.4208333333332,45.8291666666665,FALSE,0.376491084694862,0.793893117389726,0.10751873410198,1.42999994754791,NA,NA,NA,NA,NA,NA,NA,NA,NA,NA,NA,NA,NA,NA,NA,0,NA,"oocysts/L"
"P_00190","P_00198",21.4208333333332,45.7874999999999,FALSE,0.376491084694862,0.58941426685106,0.144818997086793,0.52999997138977,NA,NA,NA,NA,NA,NA,NA,NA,NA,NA,NA,NA,NA,NA,NA,0,NA,"oocysts/L"
"P_00191","P_00192",21.3833333333332,45.8458333333332,FALSE,0.271785706281662,0.649358971597117,0.112571732042573,0.899999976158142,NA,NA,NA,NA,NA,NA,NA,NA,NA,NA,NA,NA,NA,NA,NA,0,NA,"oocysts/L"
"P_00192","LakeIn_1356896",21.3708333333332,45.8458333333332,FALSE,0.1768928617239,0.78992030438304,0.0754389759118607,2.26999998092651,NA,NA,NA,NA,NA,NA,NA,NA,NA,NA,NA,NA,NA,NA,NA,0,NA,"oocysts/L"
"P_00194","P_00195",21.3624999999999,45.8291666666665,FALSE,0.271785706281662,0.6858733733503,0.106578658671353,1.08000004291534,NA,NA,NA,NA,NA,NA,NA,NA,NA,NA,NA,NA,NA,NA,NA,0,NA,"oocysts/L"
"P_00195","P_00196",21.3708333333332,45.8208333333332,FALSE,0.271785706281662,0.563199080194424,0.129793294628316,0.560000002384186,NA,NA,NA,NA,NA,NA,NA,NA,NA,NA,NA,NA,NA,NA,NA,0,NA,"oocysts/L"
"P_00196","P_00197",21.3541666666665,45.8041666666665,FALSE,0.271785706281662,0.653655512300397,0.111831787194471,0.9200000166893,NA,NA,NA,NA,NA,NA,NA,NA,NA,NA,NA,NA,NA,NA,NA,0,NA,"oocysts/L"
"P_00197","P_00279",21.3541666666665,45.7791666666665,FALSE,0.271785706281662,0.563199080194424,0.129793294628316,0.560000002384186,NA,NA,NA,NA,NA,NA,NA,NA,NA,NA,NA,NA,NA,NA,NA,0,NA,"oocysts/L"
"P_00198","P_00199",21.4208333333332,45.7874999999999,FALSE,10.0786066055298,1.10179713571319,0.370123813665503,0.52999997138977,NA,NA,NA,NA,NA,NA,NA,NA,NA,NA,NA,NA,NA,NA,NA,0.00200000007634584,NA,"oocysts/L"
"P_00199","P_00200",21.4124999999999,45.7791666666665,FALSE,10.0786066055298,1.08915492689667,0.374419972480722,0.509999990463257,NA,NA,NA,NA,NA,NA,NA,NA,NA,NA,NA,NA,NA,NA,NA,0.00199310001874862,NA,"oocysts/L"
"P_00200","P_00279",21.3541666666665,45.7791666666665,FALSE,10.0786066055298,1.12014882190285,0.364059980050816,0.560000002384186,NA,NA,NA,NA,NA,NA,NA,NA,NA,NA,NA,NA,NA,NA,NA,0.00196668739584491,NA,"oocysts/L"
"P_00201","P_00202",21.7291666666665,45.8208333333332,FALSE,1.16682136058807,0.804679427810365,0.181691794174063,0.730000019073486,NA,NA,NA,NA,NA,NA,NA,NA,NA,NA,NA,NA,NA,NA,NA,0,NA,"oocysts/L"
"P_00202","P_00203",21.7291666666665,45.8124999999999,FALSE,1.16682136058807,0.713971686779774,0.204775135598509,0.490000009536743,NA,NA,NA,NA,NA,NA,NA,NA,NA,NA,NA,NA,NA,NA,NA,0,NA,"oocysts/L"
"P_00203","P_00204",21.7374999999999,45.8041666666665,FALSE,1.16682136058807,0.709568623596189,0.206045820110879,0.479999989271164,NA,NA,NA,NA,NA,NA,NA,NA,NA,NA,NA,NA,NA,NA,NA,0,NA,"oocysts/L"
"P_00204","P_00205",21.7374999999999,45.7958333333332,FALSE,1.16682136058807,0.74711204841022,0.195691729620652,0.569999992847443,NA,NA,NA,NA,NA,NA,NA,NA,NA,NA,NA,NA,NA,NA,NA,0,NA,"oocysts/L"
"P_00205","P_00257",21.7541666666665,45.7791666666665,FALSE,1.16682136058807,0.718312287373919,0.203537725225794,0.5,NA,NA,NA,NA,NA,NA,NA,NA,NA,NA,NA,NA,NA,NA,NA,0,NA,"oocysts/L"
"P_00206","P_00207",21.7958333333332,45.7958333333332,FALSE,8.215087890625,1.05975440244953,0.349142256112428,0.52999997138977,NA,NA,NA,NA,NA,NA,NA,NA,NA,NA,NA,NA,NA,NA,NA,0.00240554063487947,NA,"oocysts/L"
"P_00207","P_00208",21.7874999999999,45.7874999999999,FALSE,8.215087890625,1.06571419437218,0.347189748386788,0.540000021457672,NA,NA,NA,NA,NA,NA,NA,NA,NA,NA,NA,NA,NA,NA,NA,0.00239658178269649,NA,"oocysts/L"
"P_00208","P_00209",21.7791666666665,45.7874999999999,FALSE,8.215087890625,1.07159720204624,0.34528369642042,0.550000011920929,NA,NA,NA,NA,NA,NA,NA,NA,NA,NA,NA,NA,NA,NA,NA,0.00239146222386205,NA,"oocysts/L"
"P_00209","P_00210",21.7708333333332,45.7791666666665,FALSE,8.215087890625,1.08314229014689,0.341603357529443,0.569999992847443,NA,NA,NA,NA,NA,NA,NA,NA,NA,NA,NA,NA,NA,NA,NA,0.00238260635846402,NA,"oocysts/L"
"P_00210","P_00257",21.7541666666665,45.7791666666665,FALSE,8.215087890625,1.04138919676428,0.35529948279275,0.5,NA,NA,NA,NA,NA,NA,NA,NA,NA,NA,NA,NA,NA,NA,NA,0.00237198107813123,NA,"oocysts/L"
"P_00211","P_00212",22.0791666666665,45.7791666666665,FALSE,1.81103575229645,0.730418364206637,0.24672773983731,0.400000005960464,NA,NA,NA,NA,NA,NA,NA,NA,NA,NA,NA,NA,NA,NA,NA,0,NA,"oocysts/L"
"P_00212","P_00213",22.0541666666665,45.8041666666665,FALSE,1.81103575229645,1.15838048245932,0.155574506705915,1.86000001430511,NA,NA,NA,NA,NA,NA,NA,NA,NA,NA,NA,NA,NA,NA,NA,0,NA,"oocysts/L"
"P_00213","P_00214",22.0458333333332,45.8041666666665,FALSE,1.81103575229645,0.799233278087035,0.2254841947619,0.540000021457672,NA,NA,NA,NA,NA,NA,NA,NA,NA,NA,NA,NA,NA,NA,NA,0,NA,"oocysts/L"
"P_00214","P_00215",22.0291666666665,45.8208333333332,FALSE,1.81103575229645,0.730418364206637,0.24672773983731,0.400000005960464,NA,NA,NA,NA,NA,NA,NA,NA,NA,NA,NA,NA,NA,NA,NA,0,NA,"oocysts/L"
"P_00215","P_00104",22.0291666666665,45.8291666666665,FALSE,1.81103575229645,0.761696077109191,0.236596298119748,0.46000000834465,NA,NA,NA,NA,NA,NA,NA,NA,NA,NA,NA,NA,NA,NA,NA,0,NA,"oocysts/L"
"P_00216","P_00217",22.4458333333332,45.7791666666665,FALSE,1.29292851686478,2.26562823324351,0.0677600643295431,20.6200008392334,NA,NA,NA,NA,NA,NA,NA,NA,NA,NA,NA,NA,NA,NA,NA,0,NA,"oocysts/L"
"P_00217","P_00218",22.4458333333332,45.7874999999999,FALSE,1.29292851686478,2.12522785187597,0.0722365438114766,16.9099998474121,NA,NA,NA,NA,NA,NA,NA,NA,NA,NA,NA,NA,NA,NA,NA,0,NA,"oocysts/L"
"P_00218","P_00219",22.4541666666665,45.7958333333332,FALSE,1.29292851686478,2.32564485669525,0.0660114180329151,22.3199996948242,NA,NA,NA,NA,NA,NA,NA,NA,NA,NA,NA,NA,NA,NA,NA,0,NA,"oocysts/L"
"P_00219","P_00220",22.4541666666665,45.8124999999999,FALSE,1.29292851686478,2.19330031464606,0.069994571106503,18.6599998474121,NA,NA,NA,NA,NA,NA,NA,NA,NA,NA,NA,NA,NA,NA,NA,0,NA,"oocysts/L"
"P_00220","P_00221",22.4624999999999,45.8208333333332,FALSE,1.29292851686478,2.30120427743344,0.066712510634923,21.6200008392334,NA,NA,NA,NA,NA,NA,NA,NA,NA,NA,NA,NA,NA,NA,NA,0,NA,"oocysts/L"
"P_00221","P_00222",22.4624999999999,45.8291666666665,FALSE,1.29292851686478,2.201232505493,0.0697423440950987,18.8700008392334,NA,NA,NA,NA,NA,NA,NA,NA,NA,NA,NA,NA,NA,NA,NA,0,NA,"oocysts/L"
"P_00222","P_00223",22.4541666666665,45.8374999999999,FALSE,1.29292851686478,2.02370474832065,0.0758604312011449,14.4799995422363,NA,NA,NA,NA,NA,NA,NA,NA,NA,NA,NA,NA,NA,NA,NA,0,NA,"oocysts/L"
"P_00223","P_00224",22.4458333333332,45.8374999999999,FALSE,1.29292851686478,2.13041481606467,0.0720606680322435,17.0400009155273,NA,NA,NA,NA,NA,NA,NA,NA,NA,NA,NA,NA,NA,NA,NA,0,NA,"oocysts/L"
"P_00224","P_00225",22.4374999999999,45.8458333333332,FALSE,1.29292851686478,1.6364399198418,0.0938128635032627,7.25,NA,NA,NA,NA,NA,NA,NA,NA,NA,NA,NA,NA,NA,NA,NA,0,NA,"oocysts/L"
"P_00225","P_00226",22.4291666666665,45.8458333333332,FALSE,1.29292851686478,1.7094239010855,0.0898075162830722,8.36999988555908,NA,NA,NA,NA,NA,NA,NA,NA,NA,NA,NA,NA,NA,NA,NA,0,NA,"oocysts/L"
"P_00226","P_00227",22.4208333333332,45.8374999999998,FALSE,1.29292851686478,2.04750907942562,0.0749784781782139,15.0299997329712,NA,NA,NA,NA,NA,NA,NA,NA,NA,NA,NA,NA,NA,NA,NA,0,NA,"oocysts/L"
"P_00227","P_00228",22.3791666666665,45.8374999999998,FALSE,1.29292851686478,1.89601845181047,0.080969209284233,11.7399997711182,NA,NA,NA,NA,NA,NA,NA,NA,NA,NA,NA,NA,NA,NA,NA,0,NA,"oocysts/L"
"P_00228","P_00229",22.3624999999999,45.8208333333332,FALSE,1.29292851686478,1.94693513456483,0.0788516844274437,12.789999961853,NA,NA,NA,NA,NA,NA,NA,NA,NA,NA,NA,NA,NA,NA,NA,0,NA,"oocysts/L"
"P_00229","P_00230",22.3541666666665,45.8208333333332,FALSE,1.29292851686478,1.9364904860299,0.0792769786058419,12.5699996948242,NA,NA,NA,NA,NA,NA,NA,NA,NA,NA,NA,NA,NA,NA,NA,0,NA,"oocysts/L"
"P_00230","P_00231",22.3458333333332,45.8124999999999,FALSE,1.29292851686478,1.9167159076051,0.0800948717659615,12.1599998474121,NA,NA,NA,NA,NA,NA,NA,NA,NA,NA,NA,NA,NA,NA,NA,0,NA,"oocysts/L"
"P_00231","P_00140",22.3374999999999,45.8124999999999,FALSE,1.29292851686478,1.89452224932504,0.0810331548685181,11.710000038147,NA,NA,NA,NA,NA,NA,NA,NA,NA,NA,NA,NA,NA,NA,NA,0,NA,"oocysts/L"
"P_00232","P_00233",21.5958333333332,45.7708333333332,FALSE,9.60550928115845,0.995779258377681,0.40026893432484,0.389999985694885,NA,NA,NA,NA,NA,NA,NA,NA,NA,NA,NA,NA,NA,NA,NA,0.00193551027265275,NA,"oocysts/L"
"P_00233","P_00234",21.5541666666665,45.7708333333332,FALSE,9.60550928115845,1.03946080020441,0.383448324838448,0.449999988079071,NA,NA,NA,NA,NA,NA,NA,NA,NA,NA,NA,NA,NA,NA,NA,0.0019169258944607,NA,"oocysts/L"
"P_00234","P_00235",21.5458333333332,45.7791666666665,FALSE,9.60550928115845,0.980175891501326,0.406640793789688,0.370000004768372,NA,NA,NA,NA,NA,NA,NA,NA,NA,NA,NA,NA,NA,NA,NA,0.00190981737414434,NA,"oocysts/L"
"P_00235","P_00236",21.5041666666665,45.7791666666665,FALSE,9.60550928115845,1.10396294914684,0.361044274974665,0.550000011920929,NA,NA,NA,NA,NA,NA,NA,NA,NA,NA,NA,NA,NA,NA,NA,0.00189280051985724,NA,"oocysts/L"
"P_00236","Source00003",21.4958333333332,45.7874999999999,FALSE,9.60550928115845,0.980175891501326,0.406640793789688,0.370000004768372,NA,NA,NA,NA,NA,NA,NA,NA,NA,NA,NA,NA,NA,NA,NA,0.00188537467100824,NA,"oocysts/L"
"P_00237","P_00198",21.4208333333332,45.7874999999999,FALSE,9.60550928115845,1.09176245819373,0.365078959788601,0.52999997138977,NA,NA,NA,NA,NA,NA,NA,NA,NA,NA,NA,NA,NA,NA,NA,0.00209850549205739,NA,"oocysts/L"
"P_00238","P_00239",21.5791666666665,45.8166666666665,FALSE,0.187839284539223,0.837968627999872,0.073174036818158,2.66000008583069,NA,NA,NA,NA,NA,NA,NA,NA,NA,NA,NA,NA,NA,NA,NA,0,NA,"oocysts/L"
"P_00239","P_00240",21.5791666666665,45.8041666666665,FALSE,0.187839284539223,0.777172482332897,0.0788982479843631,2.0699999332428,NA,NA,NA,NA,NA,NA,NA,NA,NA,NA,NA,NA,NA,NA,NA,0,NA,"oocysts/L"
"P_00240","P_00241",21.5958333333332,45.7874999999999,FALSE,0.187839284539223,0.563707459157119,0.108775476076561,0.709999978542328,NA,NA,NA,NA,NA,NA,NA,NA,NA,NA,NA,NA,NA,NA,NA,0,NA,"oocysts/L"
"P_00241","P_00232",21.5958333333332,45.7708333333332,FALSE,0.187839284539223,0.470967567696107,0.130194840247024,0.389999985694885,NA,NA,NA,NA,NA,NA,NA,NA,NA,NA,NA,NA,NA,NA,NA,0,NA,"oocysts/L"
"P_00242","P_00243",22.5083333333332,45.7791666666665,FALSE,0.49869641661644,1.78873156024474,0.0545483109521137,17.3899993896484,NA,NA,NA,NA,NA,NA,NA,NA,NA,NA,NA,NA,NA,NA,NA,0,NA,"oocysts/L"
"P_00243","P_00244",22.4708333333332,45.7791666666665,FALSE,0.49869641661644,1.84251453712247,0.0529560464203838,19.0699996948242,NA,NA,NA,NA,NA,NA,NA,NA,NA,NA,NA,NA,NA,NA,NA,0,NA,"oocysts/L"
"P_00244","P_00245",22.4624999999999,45.7708333333332,FALSE,0.49869641661644,2.01312072385066,0.0484681739162939,24.9099998474121,NA,NA,NA,NA,NA,NA,NA,NA,NA,NA,NA,NA,NA,NA,NA,0,NA,"oocysts/L"
"P_00245","P_00246",22.4541666666665,45.7708333333332,FALSE,0.49869641661644,1.93887551105794,0.0503241620215469,22.2800006866455,NA,NA,NA,NA,NA,NA,NA,NA,NA,NA,NA,NA,NA,NA,NA,0,NA,"oocysts/L"
"P_00246","P_00216",22.4458333333332,45.7791666666665,FALSE,0.49869641661644,1.88996715089381,0.051626445100882,20.6200008392334,NA,NA,NA,NA,NA,NA,NA,NA,NA,NA,NA,NA,NA,NA,NA,0,NA,"oocysts/L"
"P_00247","P_00248",21.6208333333332,45.7624999999999,FALSE,9.40662527084351,1.06212227829819,0.37155021342858,0.490000009536743,NA,NA,NA,NA,NA,NA,NA,NA,NA,NA,NA,NA,NA,NA,NA,0.00199198191561406,NA,"oocysts/L"
"P_00248","P_00249",21.6124999999999,45.7624999999999,FALSE,9.40662527084351,1.04892586560754,0.376224642873471,0.469999998807907,NA,NA,NA,NA,NA,NA,NA,NA,NA,NA,NA,NA,NA,NA,NA,0.00198790134027934,NA,"oocysts/L"
"P_00249","P_00250",21.6041666666665,45.7708333333332,FALSE,9.40662527084351,0.984123274753918,0.400998299006412,0.379999995231628,NA,NA,NA,NA,NA,NA,NA,NA,NA,NA,NA,NA,NA,NA,NA,0.00198042694170173,NA,"oocysts/L"
"P_00250","P_00232",21.5958333333332,45.7708333333332,FALSE,9.40662527084351,0.991822382811701,0.397885514612209,0.389999985694885,NA,NA,NA,NA,NA,NA,NA,NA,NA,NA,NA,NA,NA,NA,NA,0.00197643271124761,NA,"oocysts/L"
"P_00251","P_00252",21.6541666666665,45.8083333333332,FALSE,0.20973214507103,0.738707215171027,0.0874763522331614,1.62999999523163,NA,NA,NA,NA,NA,NA,NA,NA,NA,NA,NA,NA,NA,NA,NA,0,NA,"oocysts/L"
"P_00252","P_00253",21.6541666666665,45.7958333333332,FALSE,0.20973214507103,0.795944140351231,0.0811858637755201,2.08999991416931,NA,NA,NA,NA,NA,NA,NA,NA,NA,NA,NA,NA,NA,NA,NA,0,NA,"oocysts/L"
"P_00253","LakeIn_1357088",21.6458333333332,45.7874999999999,FALSE,0.183392852544785,0.671256731036899,0.0903121972007256,1.28999996185303,NA,NA,NA,NA,NA,NA,NA,NA,NA,NA,NA,NA,NA,NA,NA,0,NA,"oocysts/L"
"P_00254","P_00255",21.6291666666665,45.7874999999999,FALSE,0.20973214507103,0.808298482555541,0.0799449880781364,2.20000004768372,NA,NA,NA,NA,NA,NA,NA,NA,NA,NA,NA,NA,NA,NA,NA,0,NA,"oocysts/L"
"P_00255","P_00256",21.6208333333332,45.7791666666665,FALSE,0.20973214507103,0.708751650292755,0.0911735620295021,1.41999995708466,NA,NA,NA,NA,NA,NA,NA,NA,NA,NA,NA,NA,NA,NA,NA,0,NA,"oocysts/L"
"P_00256","P_00247",21.6208333333332,45.7624999999999,FALSE,0.20973214507103,0.515042310028715,0.125464279911054,0.490000009536743,NA,NA,NA,NA,NA,NA,NA,NA,NA,NA,NA,NA,NA,NA,NA,0,NA,"oocysts/L"
"P_00257","P_00258",21.7541666666665,45.7791666666665,FALSE,9.2053394317627,1.06418991508803,0.367031789928454,0.5,NA,NA,NA,NA,NA,NA,NA,NA,NA,NA,NA,NA,NA,NA,NA,0.00211681852431336,NA,"oocysts/L"
"P_00258","P_00259",21.7458333333332,45.7708333333332,FALSE,9.2053394317627,0.98774813831312,0.395436360959002,0.389999985694885,NA,NA,NA,NA,NA,NA,NA,NA,NA,NA,NA,NA,NA,NA,NA,0.00210870292452656,NA,"oocysts/L"
"P_00259","P_00260",21.7374999999999,45.7708333333332,FALSE,9.2053394317627,1.02414911429114,0.381381503833957,0.439999997615814,NA,NA,NA,NA,NA,NA,NA,NA,NA,NA,NA,NA,NA,NA,NA,0.00210452997794168,NA,"oocysts/L"
"P_00260","P_00261",21.7291666666665,45.7624999999999,FALSE,9.2053394317627,1.47377888038008,0.265027226647351,1.48000001907349,NA,NA,NA,NA,NA,NA,NA,NA,NA,NA,NA,NA,NA,NA,NA,0.0020993096787122,NA,"oocysts/L"
"P_00261","P_00262",21.7041666666665,45.7624999999999,FALSE,9.2053394317627,1.15662820605912,0.337698430068032,0.660000026226044,NA,NA,NA,NA,NA,NA,NA,NA,NA,NA,NA,NA,NA,NA,NA,0.00208324132155533,NA,"oocysts/L"
"P_00262","P_00263",21.6958333333332,45.7708333333332,FALSE,9.2053394317627,1.33707299528248,0.292124312387335,1.07000005245209,NA,NA,NA,NA,NA,NA,NA,NA,NA,NA,NA,NA,NA,NA,NA,0.00207685701281519,NA,"oocysts/L"
"P_00263","P_00264",21.6874999999999,45.7708333333332,FALSE,9.2053394317627,1.30625617629084,0.299016024917615,0.990000009536743,NA,NA,NA,NA,NA,NA,NA,NA,NA,NA,NA,NA,NA,NA,NA,0.00207256956422233,NA,"oocysts/L"
"P_00264","P_00265",21.6791666666665,45.7624999999999,FALSE,9.2053394317627,0.980080656934864,0.398529984848511,0.379999995231628,NA,NA,NA,NA,NA,NA,NA,NA,NA,NA,NA,NA,NA,NA,NA,0.00206285434099279,NA,"oocysts/L"
"P_00265","P_00247",21.6208333333332,45.7624999999999,FALSE,9.2053394317627,1.0577592533008,0.369263164694335,0.490000009536743,NA,NA,NA,NA,NA,NA,NA,NA,NA,NA,NA,NA,NA,NA,NA,0.00203553900053096,NA,"oocysts/L"
"P_00267","P_00268",22.1208333333332,45.7541666666665,FALSE,1.18339276313782,1.95487756755536,0.0752926179344605,13.6800003051758,NA,NA,NA,NA,NA,NA,NA,NA,NA,NA,NA,NA,NA,NA,NA,0,NA,"oocysts/L"
"P_00268","P_00269",22.1124999999999,45.7624999999999,FALSE,1.18339276313782,1.66543495156333,0.0883780238095935,8.11999988555908,NA,NA,NA,NA,NA,NA,NA,NA,NA,NA,NA,NA,NA,NA,NA,0,NA,"oocysts/L"
"P_00269","P_00270",22.1041666666665,45.7624999999999,FALSE,1.18339276313782,1.64135567999862,0.0896745608500389,7.73999977111816,NA,NA,NA,NA,NA,NA,NA,NA,NA,NA,NA,NA,NA,NA,NA,0,NA,"oocysts/L"
"P_00270","P_00271",22.0874999999999,45.7791666666665,FALSE,1.18339276313782,0.841545502363459,0.174901831676623,0.839999973773956,NA,NA,NA,NA,NA,NA,NA,NA,NA,NA,NA,NA,NA,NA,NA,0,NA,"oocysts/L"
"P_00271","P_00211",22.0791666666665,45.7791666666665,FALSE,1.18339276313782,0.673603914727243,0.218508008318498,0.400000005960464,NA,NA,NA,NA,NA,NA,NA,NA,NA,NA,NA,NA,NA,NA,NA,0,NA,"oocysts/L"
"P_00272","P_00273",22.1833333333332,45.7666666666665,FALSE,0.17823214828968,1.08228731181606,0.0552579698115496,6.42999982833862,NA,NA,NA,NA,NA,NA,NA,NA,NA,NA,NA,NA,NA,NA,NA,0,NA,"oocysts/L"
"P_00273","LakeIn_170408_02",22.1708333333332,45.7541666666665,FALSE,0.187928572297096,0.993282640687016,0.0617461833808349,4.67999982833862,NA,NA,NA,NA,NA,NA,NA,NA,NA,NA,NA,NA,NA,NA,NA,0,NA,"oocysts/L"
"P_00275","P_00276",21.1791666666665,45.7666666666665,FALSE,5.37507136166096,1.0246670435308,0.29510625434517,0.620000004768372,NA,NA,NA,NA,NA,NA,NA,NA,NA,NA,NA,NA,NA,NA,NA,0,NA,"oocysts/L"
"P_00276","P_00307",21.1791666666665,45.7458333333332,FALSE,5.37507136166096,1.08921068350724,0.277619066491009,0.759999990463257,NA,NA,NA,NA,NA,NA,NA,NA,NA,NA,NA,NA,NA,NA,NA,0,NA,"oocysts/L"
"P_00277","LakeIn_170408",22.1708333333332,45.7458333333332,FALSE,0.93730354309082,1.36402003882044,0.0965788800533086,4.8600001335144,NA,NA,NA,NA,NA,NA,NA,NA,NA,NA,NA,NA,NA,NA,NA,0,NA,"oocysts/L"
"P_00279","P_00280",21.3541666666665,45.7791666666665,FALSE,10.4099817276001,1.12706598061737,0.367437403195783,0.560000002384186,NA,NA,NA,NA,NA,NA,NA,NA,NA,NA,NA,NA,NA,NA,NA,0.00190408293668968,NA,"oocysts/L"
"P_00280","P_00281",21.3374999999999,45.7791666666665,FALSE,10.4099817276001,1.08938926774128,0.380145288200791,0.5,NA,NA,NA,NA,NA,NA,NA,NA,NA,NA,NA,NA,NA,NA,NA,0.00189650251101232,NA,"oocysts/L"
"P_00281","P_00282",21.3291666666665,45.7708333333332,FALSE,10.4099817276001,1.1563589339928,0.358129457017656,0.610000014305115,NA,NA,NA,NA,NA,NA,NA,NA,NA,NA,NA,NA,NA,NA,NA,0.00189049118790206,NA,"oocysts/L"
"P_00282","P_00283",21.3124999999999,45.7708333333332,FALSE,10.4099817276001,1.10228363403526,0.375698399541973,0.519999980926514,NA,NA,NA,NA,NA,NA,NA,NA,NA,NA,NA,NA,NA,NA,NA,0.0018828704168932,NA,"oocysts/L"
"P_00283","P_00284",21.2958333333332,45.7541666666665,FALSE,10.4099817276001,1.1786052615208,0.351369716960191,0.649999976158142,NA,NA,NA,NA,NA,NA,NA,NA,NA,NA,NA,NA,NA,NA,NA,0.00187104721347894,NA,"oocysts/L"
"P_00284","P_00285",21.2958333333332,45.7458333333332,FALSE,10.4099817276001,1.12098963084884,0.369429105989831,0.550000011920929,NA,NA,NA,NA,NA,NA,NA,NA,NA,NA,NA,NA,NA,NA,NA,0.00186564934493663,NA,"oocysts/L"
"P_00285","P_00286",21.2874999999999,45.7374999999999,FALSE,10.4099817276001,1.04119426841606,0.397741525967441,0.430000007152557,NA,NA,NA,NA,NA,NA,NA,NA,NA,NA,NA,NA,NA,NA,NA,0.00185890341545485,NA,"oocysts/L"
"P_00286","P_00287",21.2791666666665,45.7374999999999,FALSE,10.4099817276001,1.12098963084884,0.369429105989831,0.550000011920929,NA,NA,NA,NA,NA,NA,NA,NA,NA,NA,NA,NA,NA,NA,NA,0.00185555862500898,NA,"oocysts/L"
"P_00287","P_00288",21.2708333333332,45.7458333333332,FALSE,10.4099817276001,1.16760567857002,0.354679841618739,0.629999995231628,NA,NA,NA,NA,NA,NA,NA,NA,NA,NA,NA,NA,NA,NA,NA,0.0018495744148738,NA,"oocysts/L"
"P_00288","P_00289",21.2791666666665,45.7541666666665,FALSE,10.4099817276001,1.08280633189857,0.382456386658025,0.490000009536743,NA,NA,NA,NA,NA,NA,NA,NA,NA,NA,NA,NA,NA,NA,NA,0.00184289286372411,NA,"oocysts/L"
"P_00289","P_00290",21.2708333333332,45.7624999999999,FALSE,10.4099817276001,1.47410964533582,0.280933103218393,1.37000000476837,NA,NA,NA,NA,NA,NA,NA,NA,NA,NA,NA,NA,NA,NA,NA,0.00183833453999594,NA,"oocysts/L"
"P_00290","Source00004",21.2541666666665,45.7624999999999,FALSE,10.4099817276001,1.19466895018387,0.346645149758531,0.680000007152557,NA,NA,NA,NA,NA,NA,NA,NA,NA,NA,NA,NA,NA,NA,NA,0.00182973136569874,NA,"oocysts/L"
"P_00291","P_00292",21.2458333333332,45.7541666666665,FALSE,10.4099817276001,1.32489769256943,0.312572208005906,0.959999978542328,NA,NA,NA,NA,NA,NA,NA,NA,NA,NA,NA,NA,NA,NA,NA,0.00432813669756487,NA,"oocysts/L"
"P_00292","P_00293",21.2291666666665,45.7541666666665,FALSE,10.4099817276001,1.38389130415122,0.299247633037446,1.11000001430511,NA,NA,NA,NA,NA,NA,NA,NA,NA,NA,NA,NA,NA,NA,NA,0.00431232701072932,NA,"oocysts/L"
"P_00293","P_00294",21.2208333333332,45.7458333333332,FALSE,10.4099817276001,1.29948792857251,0.318684143224998,0.899999976158142,NA,NA,NA,NA,NA,NA,NA,NA,NA,NA,NA,NA,NA,NA,NA,0.004297082803318,NA,"oocysts/L"
"P_00294","P_00307",21.1791666666665,45.7458333333332,FALSE,10.4099817276001,1.23520915366261,0.335268076600956,0.759999990463257,NA,NA,NA,NA,NA,NA,NA,NA,NA,NA,NA,NA,NA,NA,NA,0.0042540494267278,NA,"oocysts/L"
"P_00295","P_00296",22.2541666666665,45.7249999999999,FALSE,0.411982148885727,1.64082149271135,0.0542997642991889,14.8500003814697,NA,NA,NA,NA,NA,NA,NA,NA,NA,NA,NA,NA,NA,NA,NA,0,NA,"oocysts/L"
"P_00296","P_00297",22.2541666666665,45.7374999999999,FALSE,0.411982148885727,1.54963077792712,0.057495128246259,12.3599996566772,NA,NA,NA,NA,NA,NA,NA,NA,NA,NA,NA,NA,NA,NA,NA,0,NA,"oocysts/L"
"P_00297","P_00298",22.2458333333332,45.7458333333332,FALSE,0.411982148885727,1.33852823664462,0.0665628246547967,7.65999984741211,NA,NA,NA,NA,NA,NA,NA,NA,NA,NA,NA,NA,NA,NA,NA,0,NA,"oocysts/L"
"P_00298","P_00299",22.2374999999999,45.7458333333332,FALSE,0.411982148885727,1.34591047046819,0.0661977317705809,7.80000019073486,NA,NA,NA,NA,NA,NA,NA,NA,NA,NA,NA,NA,NA,NA,NA,0,NA,"oocysts/L"
"P_00299","P_00300",22.2291666666665,45.7541666666665,FALSE,0.411982148885727,1.03248059488321,0.0862933606237393,3.24000000953674,NA,NA,NA,NA,NA,NA,NA,NA,NA,NA,NA,NA,NA,NA,NA,0,NA,"oocysts/L"
"P_00300","P_00301",22.2124999999999,45.7541666666665,FALSE,0.411982148885727,1.20348637270162,0.0740317649889662,5.3899998664856,NA,NA,NA,NA,NA,NA,NA,NA,NA,NA,NA,NA,NA,NA,NA,0,NA,"oocysts/L"
"P_00301","P_00302",22.2041666666665,45.7458333333332,FALSE,0.411982148885727,1.10334161226978,0.0807512553867902,4.03999996185303,NA,NA,NA,NA,NA,NA,NA,NA,NA,NA,NA,NA,NA,NA,NA,0,NA,"oocysts/L"
"P_00302","P_00277",22.1708333333332,45.7458333333332,FALSE,0.411982148885727,1.16649611467467,0.0763793545391435,4.8600001335144,NA,NA,NA,NA,NA,NA,NA,NA,NA,NA,NA,NA,NA,NA,NA,0,NA,"oocysts/L"
"P_00303","P_00304",22.4249999999999,45.7249999999999,FALSE,0.377812519669533,1.70999384247085,0.0500006392907745,17.8199996948242,NA,NA,NA,NA,NA,NA,NA,NA,NA,NA,NA,NA,NA,NA,NA,0,NA,"oocysts/L"
"P_00304","P_00305",22.4124999999999,45.7374999999999,FALSE,0.377812519669533,1.69169397960468,0.050541520119857,17.2299995422363,NA,NA,NA,NA,NA,NA,NA,NA,NA,NA,NA,NA,NA,NA,NA,0,NA,"oocysts/L"
"P_00305","P_00306",22.4124999999999,45.7458333333332,FALSE,0.377812519669533,1.83526028666548,0.0465878251319756,22.1399993896484,NA,NA,NA,NA,NA,NA,NA,NA,NA,NA,NA,NA,NA,NA,NA,0,NA,"oocysts/L"
"P_00306","P_00216",22.4458333333332,45.7791666666665,FALSE,0.377812519669533,1.79271687446503,0.0476934124538463,20.6200008392334,NA,NA,NA,NA,NA,NA,NA,NA,NA,NA,NA,NA,NA,NA,NA,0,NA,"oocysts/L"
"P_00307","P_00308",21.1791666666665,45.7458333333332,FALSE,10.5733208656311,1.23887418745881,0.336761361999737,0.759999990463257,NA,NA,NA,NA,NA,NA,NA,NA,NA,NA,NA,NA,NA,NA,NA,0.00418833187447214,NA,"oocysts/L"
"P_00308","Source00005",21.1708333333332,45.7374999999999,FALSE,10.5733208656311,1.09262163407507,0.381838456885506,0.5,NA,NA,NA,NA,NA,NA,NA,NA,NA,NA,NA,NA,NA,NA,NA,0.00417258710972959,NA,"oocysts/L"
"P_00309","P_00310",21.1624999999999,45.7374999999999,FALSE,10.5733208656311,1.07932168588742,0.386543663645486,0.479999989271164,NA,NA,NA,NA,NA,NA,NA,NA,NA,NA,NA,NA,NA,NA,NA,0.0209002498266627,NA,"oocysts/L"
"P_00310","P_00311",21.1541666666665,45.7291666666665,FALSE,10.5733208656311,1.14824797877784,0.363340468632049,0.589999973773956,NA,NA,NA,NA,NA,NA,NA,NA,NA,NA,NA,NA,NA,NA,NA,0.0208345533426565,NA,"oocysts/L"
"P_00311","LakeIn_1357311_02",21.1458333333332,45.7291666666665,FALSE,10.5911436080933,1.05184814194347,0.396957857068262,0.439999997615814,NA,NA,NA,NA,NA,NA,NA,NA,NA,NA,NA,NA,NA,NA,NA,0.0207560787604092,NA,"oocysts/L"
"P_00313","P_00314",22.1624999999999,45.7166666666665,FALSE,0.3381607234478,1.48345660441764,0.0546746965416227,12.1199998855591,NA,NA,NA,NA,NA,NA,NA,NA,NA,NA,NA,NA,NA,NA,NA,0,NA,"oocysts/L"
"P_00314","P_00315",22.1624999999999,45.7374999999999,FALSE,0.3381607234478,0.98033415636623,0.0827345850927391,3.08999991416931,NA,NA,NA,NA,NA,NA,NA,NA,NA,NA,NA,NA,NA,NA,NA,0,NA,"oocysts/L"
"P_00315","P_00277",22.1708333333332,45.7458333333332,FALSE,0.3381607234478,1.12347671428647,0.072193342904052,4.8600001335144,NA,NA,NA,NA,NA,NA,NA,NA,NA,NA,NA,NA,NA,NA,NA,0,NA,"oocysts/L"
"P_00316","P_00317",22.3124999999999,45.7208333333332,FALSE,1.40950000286102,2.44007756555622,0.0655533609088858,24.5200004577637,NA,NA,NA,NA,NA,NA,NA,NA,NA,NA,NA,NA,NA,NA,NA,0,NA,"oocysts/L"
"P_00317","P_00318",22.3124999999999,45.7374999999999,FALSE,1.40950000286102,2.18537675803745,0.07319345953154,17.5300006866455,NA,NA,NA,NA,NA,NA,NA,NA,NA,NA,NA,NA,NA,NA,NA,0,NA,"oocysts/L"
"P_00318","P_00319",22.3291666666665,45.7541666666665,FALSE,1.40950000286102,2.38726711548775,0.0670035138769553,22.9799995422363,NA,NA,NA,NA,NA,NA,NA,NA,NA,NA,NA,NA,NA,NA,NA,0,NA,"oocysts/L"
"P_00319","Source00002",22.3124999999999,45.7708333333332,FALSE,1.40950000286102,2.17135490561187,0.073666117357037,17.1800003051758,NA,NA,NA,NA,NA,NA,NA,NA,NA,NA,NA,NA,NA,NA,NA,0,NA,"oocysts/L"
"P_00320","P_00321",22.3124999999999,45.8124999999999,FALSE,1.40950000286102,1.28129236214861,0.124839021932787,3.04999995231628,NA,NA,NA,NA,NA,NA,NA,NA,NA,NA,NA,NA,NA,NA,NA,0.000246301888779703,NA,"oocysts/L"
"P_00321","P_00138",22.3208333333332,45.8208333333332,FALSE,1.40950000286102,1.12192234979723,0.142572509879576,1.96000003814697,NA,NA,NA,NA,NA,NA,NA,NA,NA,NA,NA,NA,NA,NA,NA,0.000243962708098744,NA,"oocysts/L"
"P_00322","P_00323",22.3124999999999,45.7083333333332,FALSE,0.670732125639915,2.01227000153116,0.0558309949901651,21.0200004577637,NA,NA,NA,NA,NA,NA,NA,NA,NA,NA,NA,NA,NA,NA,NA,0,NA,"oocysts/L"
"P_00323","P_00316",22.3124999999999,45.7208333333332,FALSE,0.670732125639915,2.1185018241674,0.0530313616409086,24.5200004577637,NA,NA,NA,NA,NA,NA,NA,NA,NA,NA,NA,NA,NA,NA,NA,0,NA,"oocysts/L"
"P_00324","P_00325",22.3708333333332,45.7208333333332,FALSE,0.8598393201828,2.19997502633115,0.0574727744380679,23.8400001525879,NA,NA,NA,NA,NA,NA,NA,NA,NA,NA,NA,NA,NA,NA,NA,0,NA,"oocysts/L"
"P_00325","P_00326",22.3374999999999,45.7208333333332,FALSE,0.8598393201828,2.12018393887198,0.0596357071382131,21.3400001525879,NA,NA,NA,NA,NA,NA,NA,NA,NA,NA,NA,NA,NA,NA,NA,0,NA,"oocysts/L"
"P_00326","P_00327",22.3291666666665,45.7124999999999,FALSE,0.8598393201828,2.14744462999411,0.0588786628962161,22.1800003051758,NA,NA,NA,NA,NA,NA,NA,NA,NA,NA,NA,NA,NA,NA,NA,0,NA,"oocysts/L"
"P_00327","P_00328",22.3208333333332,45.7208333333332,FALSE,0.8598393201828,2.15738384120387,0.0586074049702517,22.4899997711182,NA,NA,NA,NA,NA,NA,NA,NA,NA,NA,NA,NA,NA,NA,NA,0,NA,"oocysts/L"
"P_00328","P_00316",22.3124999999999,45.7208333333332,FALSE,0.8598393201828,2.2210388719193,0.0569277152490587,24.5200004577637,NA,NA,NA,NA,NA,NA,NA,NA,NA,NA,NA,NA,NA,NA,NA,0,NA,"oocysts/L"
"P_00329","P_00330",21.1666666666665,45.7041666666665,FALSE,0.185750007629395,0.506336834296764,0.120457613918527,0.5,NA,NA,NA,NA,NA,NA,NA,NA,NA,NA,NA,NA,NA,NA,NA,0,NA,"oocysts/L"
"P_00330","LakeIn_1357311",21.1541666666665,45.7041666666665,FALSE,0.200857162475586,0.501230700546702,0.126296659153315,0.46000000834465,NA,NA,NA,NA,NA,NA,NA,NA,NA,NA,NA,NA,NA,NA,NA,0,NA,"oocysts/L"
"P_00332","P_00333",22.0624999999999,45.7041666666665,FALSE,0.581428527832031,0.898546278137502,0.116815255971846,1.63999998569489,NA,NA,NA,NA,NA,NA,NA,NA,NA,NA,NA,NA,NA,NA,NA,0,NA,"oocysts/L"
"P_00333","P_00334",22.0624999999999,45.7208333333332,FALSE,0.581428527832031,1.01980334173003,0.102925641825333,2.5,NA,NA,NA,NA,NA,NA,NA,NA,NA,NA,NA,NA,NA,NA,NA,0,NA,"oocysts/L"
"P_00334","P_00335",22.0541666666665,45.7291666666665,FALSE,0.581428527832031,1.06409218534749,0.0986417482700575,2.88000011444092,NA,NA,NA,NA,NA,NA,NA,NA,NA,NA,NA,NA,NA,NA,NA,0,NA,"oocysts/L"
"P_00335","P_00336",22.0541666666665,45.7374999999999,FALSE,0.581428527832031,1.01734584240163,0.103174268875366,2.48000001907349,NA,NA,NA,NA,NA,NA,NA,NA,NA,NA,NA,NA,NA,NA,NA,0,NA,"oocysts/L"
"P_00336","P_00337",22.0624999999999,45.7458333333332,FALSE,0.581428527832031,0.822203559841372,0.127661711296206,1.22000002861023,NA,NA,NA,NA,NA,NA,NA,NA,NA,NA,NA,NA,NA,NA,NA,0,NA,"oocysts/L"
"P_00337","P_00338",22.0624999999999,45.7541666666665,FALSE,0.581428527832031,0.890234250350116,0.117905948284849,1.5900000333786,NA,NA,NA,NA,NA,NA,NA,NA,NA,NA,NA,NA,NA,NA,NA,0,NA,"oocysts/L"
"P_00338","P_00339",22.0708333333332,45.7624999999999,FALSE,0.581428527832031,0.818135314240884,0.128296519727393,1.20000004768372,NA,NA,NA,NA,NA,NA,NA,NA,NA,NA,NA,NA,NA,NA,NA,0,NA,"oocysts/L"
"P_00339","P_00340",22.0708333333332,45.7708333333332,FALSE,0.581428527832031,0.629138143627854,0.166837624687513,0.5,NA,NA,NA,NA,NA,NA,NA,NA,NA,NA,NA,NA,NA,NA,NA,0,NA,"oocysts/L"
"P_00340","P_00211",22.0791666666665,45.7791666666665,FALSE,0.581428527832031,0.588398861746286,0.178389049176037,0.400000005960464,NA,NA,NA,NA,NA,NA,NA,NA,NA,NA,NA,NA,NA,NA,NA,0,NA,"oocysts/L"
"P_00341","P_00342",22.0916666666665,45.7041666666665,FALSE,0.318169631063938,1.30143645715245,0.0605407507321163,8.21000003814697,NA,NA,NA,NA,NA,NA,NA,NA,NA,NA,NA,NA,NA,NA,NA,0,NA,"oocysts/L"
"P_00342","P_00332",22.0624999999999,45.7041666666665,FALSE,0.318169631063938,0.8011479984798,0.0983462984313277,1.63999998569489,NA,NA,NA,NA,NA,NA,NA,NA,NA,NA,NA,NA,NA,NA,NA,0,NA,"oocysts/L"
"P_00343","P_00344",22.3499999999999,45.7041666666665,FALSE,0.337758928537369,1.70208974696505,0.0476247961901182,18.7700004577637,NA,NA,NA,NA,NA,NA,NA,NA,NA,NA,NA,NA,NA,NA,NA,0,NA,"oocysts/L"
"P_00344","P_00345",22.3624999999999,45.7041666666665,FALSE,0.337758928537369,1.82848638514933,0.0443326666005666,23.3400001525879,NA,NA,NA,NA,NA,NA,NA,NA,NA,NA,NA,NA,NA,NA,NA,0,NA,"oocysts/L"
"P_00345","P_00346",22.3708333333332,45.7124999999999,FALSE,0.337758928537369,1.87205755282633,0.0433008468004191,25.0200004577637,NA,NA,NA,NA,NA,NA,NA,NA,NA,NA,NA,NA,NA,NA,NA,0,NA,"oocysts/L"
"P_00346","P_00324",22.3708333333332,45.7208333333332,FALSE,0.337758928537369,1.84158606346376,0.0440173168687186,23.8400001525879,NA,NA,NA,NA,NA,NA,NA,NA,NA,NA,NA,NA,NA,NA,NA,0,NA,"oocysts/L"
"P_00347","P_00348",22.3958333333332,45.6999999999999,FALSE,0.421000003814697,1.8303151151071,0.0491821177443816,20.6299991607666,NA,NA,NA,NA,NA,NA,NA,NA,NA,NA,NA,NA,NA,NA,NA,0,NA,"oocysts/L"
"P_00348","P_00349",22.3958333333332,45.7208333333332,FALSE,0.421000003814697,1.85335058666662,0.048570828502784,21.4300003051758,NA,NA,NA,NA,NA,NA,NA,NA,NA,NA,NA,NA,NA,NA,NA,0,NA,"oocysts/L"
"P_00349","P_00350",22.3874999999999,45.7291666666665,FALSE,0.421000003814697,1.72401861805812,0.0522145019535305,17.1399993896484,NA,NA,NA,NA,NA,NA,NA,NA,NA,NA,NA,NA,NA,NA,NA,0,NA,"oocysts/L"
"P_00350","P_00351",22.3791666666665,45.7208333333332,FALSE,0.421000003814697,1.91689243914243,0.04696078489453,23.7099990844727,NA,NA,NA,NA,NA,NA,NA,NA,NA,NA,NA,NA,NA,NA,NA,0,NA,"oocysts/L"
"P_00351","P_00324",22.3708333333332,45.7208333333332,FALSE,0.421000003814697,1.92043238908696,0.046874221665943,23.8400001525879,NA,NA,NA,NA,NA,NA,NA,NA,NA,NA,NA,NA,NA,NA,NA,0,NA,"oocysts/L"
"P_00352","P_00353",22.0624999999999,45.6916666666665,FALSE,0.221669632941484,0.992120413258324,0.0668707543856146,4.19999980926514,NA,NA,NA,NA,NA,NA,NA,NA,NA,NA,NA,NA,NA,NA,NA,0,NA,"oocysts/L"
"P_00353","P_00332",22.0624999999999,45.7041666666665,FALSE,0.221669632941484,0.747901986997545,0.0887065974276782,1.63999998569489,NA,NA,NA,NA,NA,NA,NA,NA,NA,NA,NA,NA,NA,NA,NA,0,NA,"oocysts/L"
"P_00355","P_00356",21.1208333333332,45.7208333333332,FALSE,10.8426785469055,1.04191349562636,0.405242931328866,0.419999986886978,NA,NA,NA,NA,NA,NA,NA,NA,NA,NA,NA,NA,NA,NA,NA,0.0201425761482811,NA,"oocysts/L"
"P_00356","P_00357",21.1124999999999,45.7124999999999,FALSE,10.8426785469055,1.09786478603244,0.384590237823927,0.5,NA,NA,NA,NA,NA,NA,NA,NA,NA,NA,NA,NA,NA,NA,NA,0.0200792103978349,NA,"oocysts/L"
"P_00357","P_00358",21.0958333333332,45.7124999999999,FALSE,10.8426785469055,0.977911948275957,0.431764925158253,0.340000003576279,NA,NA,NA,NA,NA,NA,NA,NA,NA,NA,NA,NA,NA,NA,NA,0.01999380044401,NA,"oocysts/L"
"P_00358","P_00359",21.0874999999999,45.7041666666665,FALSE,10.8426785469055,1.04191349562636,0.405242931328866,0.419999986886978,NA,NA,NA,NA,NA,NA,NA,NA,NA,NA,NA,NA,NA,NA,NA,0.0199313211002864,NA,"oocysts/L"
"P_00359","P_00360",21.0624999999999,45.7041666666665,FALSE,10.8426785469055,1.02677352660233,0.411218314671506,0.400000005960464,NA,NA,NA,NA,NA,NA,NA,NA,NA,NA,NA,NA,NA,NA,NA,0.0198160537764126,NA,"oocysts/L"
"P_00360","P_00361",21.0541666666665,45.6958333333332,FALSE,10.8426785469055,1.07074165384937,0.39433235612045,0.46000000834465,NA,NA,NA,NA,NA,NA,NA,NA,NA,NA,NA,NA,NA,NA,NA,0.0197529981128399,NA,"oocysts/L"
"P_00361","P_00362",21.0374999999999,45.6958333333332,FALSE,10.8426785469055,0.969192789494158,0.435649216271099,0.330000013113022,NA,NA,NA,NA,NA,NA,NA,NA,NA,NA,NA,NA,NA,NA,NA,0.0196701543112534,NA,"oocysts/L"
"P_00362","P_00363",21.0291666666665,45.6874999999999,FALSE,10.8426785469055,0.986453409758946,0.428026377101689,0.349999994039536,NA,NA,NA,NA,NA,NA,NA,NA,NA,NA,NA,NA,NA,NA,NA,0.0196057670825569,NA,"oocysts/L"
"P_00363","P_00364",21.0124999999999,45.6874999999999,FALSE,10.8426785469055,1.05655694748201,0.399626428244104,0.439999997615814,NA,NA,NA,NA,NA,NA,NA,NA,NA,NA,NA,NA,NA,NA,NA,0.0195358591244902,NA,"oocysts/L"
"P_00364","P_00365",21.0041666666665,45.6791666666665,FALSE,10.8426785469055,1.09786478603244,0.384590237823927,0.5,NA,NA,NA,NA,NA,NA,NA,NA,NA,NA,NA,NA,NA,NA,NA,0.0194735852992148,NA,"oocysts/L"
"P_00365","P_00366",20.9958333333332,45.6791666666665,FALSE,10.8426785469055,1.13583462614834,0.371733762502488,0.560000002384186,NA,NA,NA,NA,NA,NA,NA,NA,NA,NA,NA,NA,NA,NA,NA,0.0194378623944331,NA,"oocysts/L"
"P_00366","P_00367",20.9874999999999,45.6708333333332,FALSE,10.8426785469055,1.18226260978948,0.357135610703203,0.639999985694885,NA,NA,NA,NA,NA,NA,NA,NA,NA,NA,NA,NA,NA,NA,NA,0.0193762874233877,NA,"oocysts/L"
"P_00367","P_00368",20.9708333333332,45.6708333333332,FALSE,10.8426785469055,1.16535548057759,0.362316980694561,0.610000014305115,NA,NA,NA,NA,NA,NA,NA,NA,NA,NA,NA,NA,NA,NA,NA,0.0193020743683023,NA,"oocysts/L"
"P_00368","P_00369",20.9624999999999,45.6624999999999,FALSE,10.8426785469055,1.07767256302434,0.391796259500015,0.469999998807907,NA,NA,NA,NA,NA,NA,NA,NA,NA,NA,NA,NA,NA,NA,NA,0.0192333693355247,NA,"oocysts/L"
"P_00369","P_00370",20.9291666666665,45.6624999999999,FALSE,10.8426785469055,1.1235089528598,0.375811939979635,0.540000021457672,NA,NA,NA,NA,NA,NA,NA,NA,NA,NA,NA,NA,NA,NA,NA,0.019093490278184,NA,"oocysts/L"
"P_00370","P_00371",20.9208333333332,45.6541666666665,FALSE,10.8426785469055,1.21448020069469,0.347661558349995,0.699999988079071,NA,NA,NA,NA,NA,NA,NA,NA,NA,NA,NA,NA,NA,NA,NA,0.0190352013930183,NA,"oocysts/L"
"P_00371","P_00372",20.9124999999999,45.6541666666665,FALSE,10.8426785469055,1.21965981899584,0.346185118655755,0.709999978542328,NA,NA,NA,NA,NA,NA,NA,NA,NA,NA,NA,NA,NA,NA,NA,0.0189994326043264,NA,"oocysts/L"
"P_00372","P_00382",20.8958333333332,45.6374999999999,FALSE,10.8426785469055,1.13583462614834,0.371733762502488,0.560000002384186,NA,NA,NA,NA,NA,NA,NA,NA,NA,NA,NA,NA,NA,NA,NA,0.0188656997439238,NA,"oocysts/L"
"P_00373","P_00374",21.0249999999999,45.6583333333332,FALSE,0.351999998092651,0.571833286499456,0.144570313028804,0.5,NA,NA,NA,NA,NA,NA,NA,NA,NA,NA,NA,NA,NA,NA,NA,0,NA,"oocysts/L"
"P_00374","P_00375",20.9958333333332,45.6291666666665,FALSE,0.351999998092651,0.585190294013493,0.141270485985897,0.540000021457672,NA,NA,NA,NA,NA,NA,NA,NA,NA,NA,NA,NA,NA,NA,NA,0,NA,"oocysts/L"
"P_00375","P_00376",20.9791666666665,45.6291666666665,FALSE,0.351999998092651,0.546535162428415,0.151262211313521,0.430000007152557,NA,NA,NA,NA,NA,NA,NA,NA,NA,NA,NA,NA,NA,NA,NA,0,NA,"oocysts/L"
"P_00376","P_00377",20.9708333333332,45.6374999999999,FALSE,0.351999998092651,0.564872639881054,0.146351781610319,0.479999989271164,NA,NA,NA,NA,NA,NA,NA,NA,NA,NA,NA,NA,NA,NA,NA,0,NA,"oocysts/L"
"P_00377","P_00378",20.9541666666665,45.6374999999999,FALSE,0.351999998092651,0.571833286499456,0.144570313028804,0.5,NA,NA,NA,NA,NA,NA,NA,NA,NA,NA,NA,NA,NA,NA,NA,0,NA,"oocysts/L"
"P_00378","P_00379",20.9458333333332,45.6291666666665,FALSE,0.351999998092651,0.564872639881054,0.146351781610319,0.479999989271164,NA,NA,NA,NA,NA,NA,NA,NA,NA,NA,NA,NA,NA,NA,NA,0,NA,"oocysts/L"
"P_00379","P_00380",20.9124999999999,45.6291666666665,FALSE,0.351999998092651,0.522441242224417,0.158238114735216,0.370000004768372,NA,NA,NA,NA,NA,NA,NA,NA,NA,NA,NA,NA,NA,NA,NA,0,NA,"oocysts/L"
"P_00380","P_00381",20.9041666666665,45.6374999999999,FALSE,0.351999998092651,0.615792693474158,0.134249915768099,0.639999985694885,NA,NA,NA,NA,NA,NA,NA,NA,NA,NA,NA,NA,NA,NA,NA,0,NA,"oocysts/L"
"P_00381","P_00382",20.8958333333332,45.6374999999999,FALSE,0.351999998092651,0.591610237848632,0.13973746892911,0.560000002384186,NA,NA,NA,NA,NA,NA,NA,NA,NA,NA,NA,NA,NA,NA,NA,0,NA,"oocysts/L"
"P_00382","P_00383",20.8958333333332,45.6374999999999,FALSE,11.1476430892944,1.14184603442042,0.374688766877414,0.560000002384186,NA,NA,NA,NA,NA,NA,NA,NA,NA,NA,NA,NA,NA,NA,NA,0.0183495933846542,NA,"oocysts/L"
"P_00383","P_00384",20.8791666666665,45.6374999999999,FALSE,11.1476430892944,1.06933410953332,0.400096544930723,0.449999988079071,NA,NA,NA,NA,NA,NA,NA,NA,NA,NA,NA,NA,NA,NA,NA,0.0182763397996956,NA,"oocysts/L"
"P_00384","P_00385",20.8708333333332,45.6291666666665,FALSE,11.1476430892944,1.2103355319672,0.353486179080832,0.680000007152557,NA,NA,NA,NA,NA,NA,NA,NA,NA,NA,NA,NA,NA,NA,NA,0.0182235295026141,NA,"oocysts/L"
"P_00385","P_00386",20.8624999999999,45.6291666666665,FALSE,11.1476430892944,1.2103355319672,0.353486179080832,0.680000007152557,NA,NA,NA,NA,NA,NA,NA,NA,NA,NA,NA,NA,NA,NA,NA,0.0181895424916859,NA,"oocysts/L"
"P_00386","P_00387",20.8541666666665,45.6208333333332,FALSE,11.1476430892944,1.2103355319672,0.353486179080832,0.680000007152557,NA,NA,NA,NA,NA,NA,NA,NA,NA,NA,NA,NA,NA,NA,NA,0.0181305168409589,NA,"oocysts/L"
"P_00387","P_00388",20.8458333333332,45.6208333333332,FALSE,11.1476430892944,1.16572774607236,0.367012695753658,0.600000023841858,NA,NA,NA,NA,NA,NA,NA,NA,NA,NA,NA,NA,NA,NA,NA,0.0180954054332065,NA,"oocysts/L"
"P_00388","P_00389",20.8374999999999,45.6124999999999,FALSE,11.1476430892944,1.12945512746788,0.378799362804275,0.540000021457672,NA,NA,NA,NA,NA,NA,NA,NA,NA,NA,NA,NA,NA,NA,NA,0.0180346638810672,NA,"oocysts/L"
"P_00389","P_00390",20.8291666666665,45.6124999999999,FALSE,11.1476430892944,1.13569000096162,0.376719775853085,0.550000011920929,NA,NA,NA,NA,NA,NA,NA,NA,NA,NA,NA,NA,NA,NA,NA,0.0180010632350118,NA,"oocysts/L"
"P_00390","P_00391",20.8208333333332,45.6041666666665,FALSE,11.1476430892944,1.11025178960934,0.385351220871613,0.509999990463257,NA,NA,NA,NA,NA,NA,NA,NA,NA,NA,NA,NA,NA,NA,NA,0.0179410772704213,NA,"oocysts/L"
"P_00391","P_00392",20.8124999999999,45.6041666666665,FALSE,11.1476430892944,1.10367523880826,0.387647441527117,0.5,NA,NA,NA,NA,NA,NA,NA,NA,NA,NA,NA,NA,NA,NA,NA,0.0179072249537695,NA,"oocysts/L"
"P_00392","P_00393",20.7958333333332,45.5874999999999,FALSE,11.1476430892944,1.11673869851013,0.383112793683643,0.519999980926514,NA,NA,NA,NA,NA,NA,NA,NA,NA,NA,NA,NA,NA,NA,NA,0.0177918799971627,NA,"oocysts/L"
"P_00393","P_00394",20.7958333333332,45.5874999999999,FALSE,11.4567861557007,1.12256702996891,0.386115939242195,0.519999980926514,NA,NA,NA,NA,NA,NA,NA,NA,NA,NA,NA,NA,NA,NA,NA,0.0173117945469583,NA,"oocysts/L"
"P_00394","P_00395",20.7708333333332,45.5874999999999,FALSE,11.4567861557007,1.12256702996891,0.386115939242195,0.519999980926514,NA,NA,NA,NA,NA,NA,NA,NA,NA,NA,NA,NA,NA,NA,NA,0.0172157753826437,NA,"oocysts/L"
"P_00395","P_00400",20.7624999999999,45.5791666666665,FALSE,11.4567861557007,1.17181175453725,0.369889635822893,0.600000023841858,NA,NA,NA,NA,NA,NA,NA,NA,NA,NA,NA,NA,NA,NA,NA,0.0171626461869923,NA,"oocysts/L"
"P_00396","P_00397",20.7791666666665,45.5583333333332,FALSE,5.85346395522356,0.919907413485875,0.342320946127034,0.409999996423721,NA,NA,NA,NA,NA,NA,NA,NA,NA,NA,NA,NA,NA,NA,NA,0,NA,"oocysts/L"
"P_00397","LakeIn_1357846",20.7791666666665,45.5708333333332,FALSE,0.265928596258163,0.525251464501465,0.137735401322318,0.449999988079071,NA,NA,NA,NA,NA,NA,NA,NA,NA,NA,NA,NA,NA,NA,NA,0,NA,"oocysts/L"
"P_00399","P_00400",20.7624999999999,45.5791666666665,FALSE,5.85346395522356,1.03123318956193,0.305366021304579,0.600000023841858,NA,NA,NA,NA,NA,NA,NA,NA,NA,NA,NA,NA,NA,NA,NA,0,NA,"oocysts/L"
"P_00400","P_00401",20.7624999999999,45.5791666666665,FALSE,11.5601425170898,1.17381618302839,0.370839106956427,0.600000023841858,NA,NA,NA,NA,NA,NA,NA,NA,NA,NA,NA,NA,NA,NA,NA,0.0170091992325906,NA,"oocysts/L"
"P_00401","P_00402",20.7541666666665,45.5791666666665,FALSE,11.5601425170898,1.15589052320462,0.376590114986341,0.569999992847443,NA,NA,NA,NA,NA,NA,NA,NA,NA,NA,NA,NA,NA,NA,NA,0.0169774176490424,NA,"oocysts/L"
"P_00402","P_00403",20.7458333333332,45.5708333333332,FALSE,11.5601425170898,1.29384570638956,0.336436518586079,0.8299999833107,NA,NA,NA,NA,NA,NA,NA,NA,NA,NA,NA,NA,NA,NA,NA,0.0169288341265901,NA,"oocysts/L"
"P_00403","P_00404",20.7374999999999,45.5708333333332,FALSE,11.5601425170898,1.08387725044844,0.401610924913454,0.46000000834465,NA,NA,NA,NA,NA,NA,NA,NA,NA,NA,NA,NA,NA,NA,NA,0.0168918637163444,NA,"oocysts/L"
"P_00404","P_00405",20.7291666666665,45.5624999999999,FALSE,11.5601425170898,1.06216731869451,0.409819561743122,0.430000007152557,NA,NA,NA,NA,NA,NA,NA,NA,NA,NA,NA,NA,NA,NA,NA,0.0168364304860297,NA,"oocysts/L"
"P_00405","P_00406",20.7124999999999,45.5624999999999,FALSE,11.5601425170898,1.14357002012161,0.380647391402374,0.550000011920929,NA,NA,NA,NA,NA,NA,NA,NA,NA,NA,NA,NA,NA,NA,NA,0.016778541201814,NA,"oocysts/L"
"P_00406","P_00407",20.7041666666665,45.5541666666665,FALSE,11.5601425170898,1.10461758492753,0.394070265569607,0.490000009536743,NA,NA,NA,NA,NA,NA,NA,NA,NA,NA,NA,NA,NA,NA,NA,0.0167228710595595,NA,"oocysts/L"
"P_00407","P_00408",20.6958333333332,45.5541666666665,FALSE,11.5601425170898,1.11795530497632,0.389368826381187,0.509999990463257,NA,NA,NA,NA,NA,NA,NA,NA,NA,NA,NA,NA,NA,NA,NA,0.0166923376118099,NA,"oocysts/L"
"P_00408","P_00409",20.6874999999999,45.5458333333332,FALSE,11.5601425170898,1.12448722348923,0.38710706173659,0.519999980926514,NA,NA,NA,NA,NA,NA,NA,NA,NA,NA,NA,NA,NA,NA,NA,0.0166390681411833,NA,"oocysts/L"
"P_00409","P_00410",20.6874999999999,45.5458333333332,FALSE,11.6312413215637,1.12580006923619,0.387785184380317,0.519999980926514,NA,NA,NA,NA,NA,NA,NA,NA,NA,NA,NA,NA,NA,NA,NA,0.0165373577716973,NA,"oocysts/L"
"P_00410","P_00411",20.6791666666665,45.5458333333332,FALSE,11.6312413215637,1.15111112950825,0.379258419307116,0.560000002384186,NA,NA,NA,NA,NA,NA,NA,NA,NA,NA,NA,NA,NA,NA,NA,0.0165075835346297,NA,"oocysts/L"
"P_00411","P_00412",20.6708333333332,45.5374999999999,FALSE,11.6312413215637,1.25655793281891,0.347432120733782,0.75,NA,NA,NA,NA,NA,NA,NA,NA,NA,NA,NA,NA,NA,NA,NA,0.0164592558204435,NA,"oocysts/L"
"P_00412","P_00435",20.6624999999999,45.5374999999999,FALSE,11.6312413215637,1.06340740556947,0.410537471469216,0.430000007152557,NA,NA,NA,NA,NA,NA,NA,NA,NA,NA,NA,NA,NA,NA,NA,0.016423692016174,NA,"oocysts/L"
"P_00413","P_00414",20.8374999999999,45.5374999999999,FALSE,0.541321456432343,0.580449850310498,0.174786348739177,0.400000005960464,NA,NA,NA,NA,NA,NA,NA,NA,NA,NA,NA,NA,NA,NA,NA,0,NA,"oocysts/L"
"P_00414","P_00415",20.8208333333332,45.5541666666665,FALSE,0.541321456432343,0.580449850310498,0.174786348739177,0.400000005960464,NA,NA,NA,NA,NA,NA,NA,NA,NA,NA,NA,NA,NA,NA,NA,0,NA,"oocysts/L"
"P_00415","P_00416",20.8208333333332,45.5708333333332,FALSE,0.541321456432343,0.609223808059356,0.166531098456496,0.469999998807907,NA,NA,NA,NA,NA,NA,NA,NA,NA,NA,NA,NA,NA,NA,NA,0,NA,"oocysts/L"
"P_00416","P_00417",20.8041666666665,45.5874999999999,FALSE,0.541321456432343,0.576057687952116,0.176119010446064,0.389999985694885,NA,NA,NA,NA,NA,NA,NA,NA,NA,NA,NA,NA,NA,NA,NA,0,NA,"oocysts/L"
"P_00417","P_00393",20.7958333333332,45.5874999999999,FALSE,0.541321456432343,0.627984844894341,0.161555984649667,0.519999980926514,NA,NA,NA,NA,NA,NA,NA,NA,NA,NA,NA,NA,NA,NA,NA,0,NA,"oocysts/L"
"P_00418","P_00419",20.9416666666665,45.5833333333332,FALSE,0.357410699129105,0.590131301896728,0.141108018281461,0.550000011920929,NA,NA,NA,NA,NA,NA,NA,NA,NA,NA,NA,NA,NA,NA,NA,0,NA,"oocysts/L"
"P_00419","P_00420",20.9291666666665,45.5708333333332,FALSE,0.357410699129105,0.54426819474628,0.152998575592544,0.419999986886978,NA,NA,NA,NA,NA,NA,NA,NA,NA,NA,NA,NA,NA,NA,NA,0,NA,"oocysts/L"
"P_00420","P_00421",20.9124999999999,45.5708333333332,FALSE,0.357410699129105,0.555651216165636,0.149864260373873,0.449999988079071,NA,NA,NA,NA,NA,NA,NA,NA,NA,NA,NA,NA,NA,NA,NA,0,NA,"oocysts/L"
"P_00421","P_00422",20.9041666666665,45.5624999999999,FALSE,0.357410699129105,0.551917548689566,0.150878077231322,0.439999997615814,NA,NA,NA,NA,NA,NA,NA,NA,NA,NA,NA,NA,NA,NA,NA,0,NA,"oocysts/L"
"P_00422","P_00423",20.8958333333332,45.5708333333332,FALSE,0.357410699129105,0.555651216165636,0.149864260373873,0.449999988079071,NA,NA,NA,NA,NA,NA,NA,NA,NA,NA,NA,NA,NA,NA,NA,0,NA,"oocysts/L"
"P_00423","P_00424",20.8874999999999,45.5708333333332,FALSE,0.357410699129105,0.590131301896728,0.141108018281461,0.550000011920929,NA,NA,NA,NA,NA,NA,NA,NA,NA,NA,NA,NA,NA,NA,NA,0,NA,"oocysts/L"
"P_00424","P_00425",20.8791666666665,45.5624999999999,FALSE,0.357410699129105,0.555651216165636,0.149864260373873,0.449999988079071,NA,NA,NA,NA,NA,NA,NA,NA,NA,NA,NA,NA,NA,NA,NA,0,NA,"oocysts/L"
"P_00425","P_00426",20.8708333333332,45.5624999999999,FALSE,0.357410699129105,0.586891514622992,0.141886969672749,0.540000021457672,NA,NA,NA,NA,NA,NA,NA,NA,NA,NA,NA,NA,NA,NA,NA,0,NA,"oocysts/L"
"P_00426","P_00427",20.8541666666665,45.5458333333332,FALSE,0.357410699129105,0.555651216165636,0.149864260373873,0.449999988079071,NA,NA,NA,NA,NA,NA,NA,NA,NA,NA,NA,NA,NA,NA,NA,0,NA,"oocysts/L"
"P_00427","P_00428",20.8458333333332,45.5458333333332,FALSE,0.357410699129105,0.51083547045238,0.163011895909975,0.340000003576279,NA,NA,NA,NA,NA,NA,NA,NA,NA,NA,NA,NA,NA,NA,NA,0,NA,"oocysts/L"
"P_00428","P_00413",20.8374999999999,45.5374999999999,FALSE,0.357410699129105,0.536359473298857,0.155254568404178,0.400000005960464,NA,NA,NA,NA,NA,NA,NA,NA,NA,NA,NA,NA,NA,NA,NA,0,NA,"oocysts/L"
"P_00429","P_00430",20.7083333333332,45.5291666666665,FALSE,0.19437500834465,0.494837674820116,0.125947284159887,0.449999988079071,NA,NA,NA,NA,NA,NA,NA,NA,NA,NA,NA,NA,NA,NA,NA,0,NA,"oocysts/L"
"P_00430","P_00431",20.6958333333332,45.5291666666665,FALSE,0.19437500834465,0.507642916844898,0.122770276459168,0.490000009536743,NA,NA,NA,NA,NA,NA,NA,NA,NA,NA,NA,NA,NA,NA,NA,0,NA,"oocysts/L"
"P_00431","P_00432",20.6874999999999,45.5374999999999,FALSE,0.19437500834465,0.458900318976671,0.135810455269601,0.349999994039536,NA,NA,NA,NA,NA,NA,NA,NA,NA,NA,NA,NA,NA,NA,NA,0,NA,"oocysts/L"
"P_00432","P_00409",20.6874999999999,45.5458333333332,FALSE,0.19437500834465,0.516774295354298,0.120600931207033,0.519999980926514,NA,NA,NA,NA,NA,NA,NA,NA,NA,NA,NA,NA,NA,NA,NA,0,NA,"oocysts/L"
"P_00433","P_00434",20.8249999999999,45.5249999999999,FALSE,0.32291966676712,0.581981654713992,0.136340001286028,0.560000002384186,NA,NA,NA,NA,NA,NA,NA,NA,NA,NA,NA,NA,NA,NA,NA,0,NA,"oocysts/L"
"P_00434","P_00413",20.8374999999999,45.5374999999999,FALSE,0.32291966676712,0.526100668417643,0.150821666489807,0.400000005960464,NA,NA,NA,NA,NA,NA,NA,NA,NA,NA,NA,NA,NA,NA,NA,0,NA,"oocysts/L"
"P_00435","P_00436",20.6624999999999,45.5374999999999,FALSE,11.7522668838501,1.06550425674508,0.411752330689487,0.430000007152557,NA,NA,NA,NA,NA,NA,NA,NA,NA,NA,NA,NA,NA,NA,NA,0.0162545598325093,NA,"oocysts/L"
"P_00436","P_00437",20.6541666666665,45.5374999999999,FALSE,11.7522668838501,1.07287856241883,0.408922199065328,0.439999997615814,NA,NA,NA,NA,NA,NA,NA,NA,NA,NA,NA,NA,NA,NA,NA,0.0162248674736763,NA,"oocysts/L"
"P_00437","P_00438",20.6458333333332,45.5291666666665,FALSE,11.7522668838501,1.1533809169035,0.380380717805013,0.560000002384186,NA,NA,NA,NA,NA,NA,NA,NA,NA,NA,NA,NA,NA,NA,NA,0.0161766356932379,NA,"oocysts/L"
"P_00438","P_00439",20.6374999999999,45.5291666666665,FALSE,11.7522668838501,1.08013647948233,0.406174469067671,0.449999988079071,NA,NA,NA,NA,NA,NA,NA,NA,NA,NA,NA,NA,NA,NA,NA,0.0161450246442623,NA,"oocysts/L"
"P_00439","P_00440",20.6291666666665,45.5208333333332,FALSE,11.7522668838501,1.08728239309925,0.403504980728876,0.46000000834465,NA,NA,NA,NA,NA,NA,NA,NA,NA,NA,NA,NA,NA,NA,NA,0.0160937939097776,NA,"oocysts/L"
"P_00440","P_00441",20.6124999999999,45.5208333333332,FALSE,11.7522668838501,1.08728239309925,0.403504980728876,0.46000000834465,NA,NA,NA,NA,NA,NA,NA,NA,NA,NA,NA,NA,NA,NA,NA,0.016034706921634,NA,"oocysts/L"
"P_00441","P_00442",20.6041666666665,45.5124999999999,FALSE,11.7522668838501,1.19486714290955,0.36717375959142,0.629999995231628,NA,NA,NA,NA,NA,NA,NA,NA,NA,NA,NA,NA,NA,NA,NA,0.0159881131155244,NA,"oocysts/L"
"P_00442","P_00443",20.5958333333332,45.5124999999999,FALSE,11.7522668838501,1.10125430839215,0.398385602427201,0.479999989271164,NA,NA,NA,NA,NA,NA,NA,NA,NA,NA,NA,NA,NA,NA,NA,0.015956427628815,NA,"oocysts/L"
"P_00443","P_00447",20.5874999999999,45.5041666666665,FALSE,11.7522668838501,1.08728239309925,0.403504980728876,0.46000000834465,NA,NA,NA,NA,NA,NA,NA,NA,NA,NA,NA,NA,NA,NA,NA,0.015904868016636,NA,"oocysts/L"
"P_00444","P_00445",20.6749999999999,45.4916666666665,FALSE,0.274571448564529,0.502320798635201,0.146231190785124,0.379999995231628,NA,NA,NA,NA,NA,NA,NA,NA,NA,NA,NA,NA,NA,NA,NA,0,NA,"oocysts/L"
"P_00445","P_00446",20.6624999999999,45.5041666666665,FALSE,0.274571448564529,0.490079125537826,0.149883895707552,0.349999994039536,NA,NA,NA,NA,NA,NA,NA,NA,NA,NA,NA,NA,NA,NA,NA,0,NA,"oocysts/L"
"P_00446","P_00435",20.6624999999999,45.5374999999999,FALSE,0.274571448564529,0.521299319286052,0.140907470666105,0.430000007152557,NA,NA,NA,NA,NA,NA,NA,NA,NA,NA,NA,NA,NA,NA,NA,0,NA,"oocysts/L"
"P_00447","P_00448",20.5874999999999,45.5041666666665,FALSE,12.0025358200073,1.09165110868225,0.405939354808849,0.46000000834465,NA,NA,NA,NA,NA,NA,NA,NA,NA,NA,NA,NA,NA,NA,NA,0.0155732302312599,NA,"oocysts/L"
"P_00448","P_00449",20.5791666666665,45.5041666666665,FALSE,12.0025358200073,1.15801521726263,0.382675581571684,0.560000002384186,NA,NA,NA,NA,NA,NA,NA,NA,NA,NA,NA,NA,NA,NA,NA,0.0155465046826023,NA,"oocysts/L"
"P_00449","P_00450",20.5708333333332,45.4958333333332,FALSE,12.0025358200073,1.11930390168992,0.395910481564285,0.5,NA,NA,NA,NA,NA,NA,NA,NA,NA,NA,NA,NA,NA,NA,NA,0.0154958331820046,NA,"oocysts/L"
"P_00450","P_00451",20.5541666666665,45.4958333333332,FALSE,12.0025358200073,1.06225999386732,0.417171077978288,0.419999986886978,NA,NA,NA,NA,NA,NA,NA,NA,NA,NA,NA,NA,NA,NA,NA,0.0154365367428664,NA,"oocysts/L"
"P_00451","P_00452",20.5458333333332,45.4874999999999,FALSE,12.0025358200073,1.03083865739065,0.429887008561133,0.379999995231628,NA,NA,NA,NA,NA,NA,NA,NA,NA,NA,NA,NA,NA,NA,NA,0.0153861354017214,NA,"oocysts/L"
"P_00452","P_00453",20.5374999999999,45.4874999999999,FALSE,12.0025358200073,1.11930390168992,0.395910481564285,0.5,NA,NA,NA,NA,NA,NA,NA,NA,NA,NA,NA,NA,NA,NA,NA,0.0153602297468681,NA,"oocysts/L"
"P_00453","P_00454",20.5291666666665,45.4791666666665,FALSE,12.0025358200073,1.04682437136111,0.423322344089725,0.400000005960464,NA,NA,NA,NA,NA,NA,NA,NA,NA,NA,NA,NA,NA,NA,NA,0.0153083733637265,NA,"oocysts/L"
"P_00454","P_00455",20.5208333333332,45.4791666666665,FALSE,12.0025358200073,1.15177201090348,0.384749883257907,0.550000011920929,NA,NA,NA,NA,NA,NA,NA,NA,NA,NA,NA,NA,NA,NA,NA,0.0152829600719457,NA,"oocysts/L"
"P_00455","P_00456",20.5124999999999,45.4708333333332,FALSE,12.0025358200073,1.06978546747722,0.41423646161493,0.430000007152557,NA,NA,NA,NA,NA,NA,NA,NA,NA,NA,NA,NA,NA,NA,NA,0.0152311008861585,NA,"oocysts/L"
"P_00456","P_00457",20.4958333333332,45.4708333333332,FALSE,12.0025358200073,1.03890323468191,0.42654997303047,0.389999985694885,NA,NA,NA,NA,NA,NA,NA,NA,NA,NA,NA,NA,NA,NA,NA,0.0151739439544556,NA,"oocysts/L"
"P_00457","P_00458",20.4874999999999,45.4624999999999,FALSE,12.0025358200073,1.06225999386732,0.417171077978288,0.419999986886978,NA,NA,NA,NA,NA,NA,NA,NA,NA,NA,NA,NA,NA,NA,NA,0.0151268394611751,NA,"oocysts/L"
"P_00458","P_00459",20.4791666666665,45.4624999999999,FALSE,12.0025358200073,1.10567916332263,0.400789090935897,0.479999989271164,NA,NA,NA,NA,NA,NA,NA,NA,NA,NA,NA,NA,NA,NA,NA,0.0151003150926148,NA,"oocysts/L"
"P_00459","P_00472",20.4583333333334,45.4416685846397,FALSE,12.0025358200073,1.13255234733745,0.391279173785336,0.519999980926514,NA,NA,NA,NA,NA,NA,NA,NA,NA,NA,NA,NA,NA,NA,NA,0.0149840934893111,NA,"oocysts/L"
"P_00460","P_00461",20.5624999999999,45.4374999999999,FALSE,0.422678604722023,0.58120599850025,0.155176223453949,0.469999998807907,NA,NA,NA,NA,NA,NA,NA,NA,NA,NA,NA,NA,NA,NA,NA,0,NA,"oocysts/L"
"P_00461","P_00462",20.5791666666665,45.4541666666665,FALSE,0.422678604722023,0.545299119132121,0.165394273952968,0.379999995231628,NA,NA,NA,NA,NA,NA,NA,NA,NA,NA,NA,NA,NA,NA,NA,0,NA,"oocysts/L"
"P_00462","P_00463",20.5874999999999,45.4541666666666,FALSE,0.422678604722023,0.545299119132121,0.165394273952968,0.379999995231628,NA,NA,NA,NA,NA,NA,NA,NA,NA,NA,NA,NA,NA,NA,NA,0,NA,"oocysts/L"
"P_00463","P_00464",20.6041666666665,45.4708333333332,FALSE,0.422678604722023,0.557872801307146,0.161666515529577,0.409999996423721,NA,NA,NA,NA,NA,NA,NA,NA,NA,NA,NA,NA,NA,NA,NA,0,NA,"oocysts/L"
"P_00464","P_00465",20.6041666666665,45.4874999999999,FALSE,0.422678604722023,0.522701126747042,0.172544781866706,0.330000013113022,NA,NA,NA,NA,NA,NA,NA,NA,NA,NA,NA,NA,NA,NA,NA,0,NA,"oocysts/L"
"P_00465","P_00447",20.5874999999999,45.5041666666665,FALSE,0.422678604722023,0.577468048657445,0.156180678923676,0.46000000834465,NA,NA,NA,NA,NA,NA,NA,NA,NA,NA,NA,NA,NA,NA,NA,0,NA,"oocysts/L"
"P_00466","P_00467",20.5333333333332,45.4291666666665,FALSE,0.201499998569489,0.488032465062855,0.129909533425922,0.419999986886978,NA,NA,NA,NA,NA,NA,NA,NA,NA,NA,NA,NA,NA,NA,NA,0,NA,"oocysts/L"
"P_00467","P_00468",20.5458333333332,45.4291666666665,FALSE,0.201499998569489,0.504782018537153,0.125598907062399,0.469999998807907,NA,NA,NA,NA,NA,NA,NA,NA,NA,NA,NA,NA,NA,NA,NA,0,NA,"oocysts/L"
"P_00468","P_00469",20.5541666666665,45.4374999999999,FALSE,0.201499998569489,0.498239352139439,0.12724821827256,0.449999988079071,NA,NA,NA,NA,NA,NA,NA,NA,NA,NA,NA,NA,NA,NA,NA,0,NA,"oocysts/L"
"P_00469","P_00460",20.5624999999999,45.4374999999999,FALSE,0.201499998569489,0.504782018537153,0.125598907062399,0.469999998807907,NA,NA,NA,NA,NA,NA,NA,NA,NA,NA,NA,NA,NA,NA,NA,0,NA,"oocysts/L"
"P_00470","P_00471",20.5624999999999,45.4083333333332,FALSE,0.213812489062548,0.490016526919706,0.133086311074953,0.409999996423721,NA,NA,NA,NA,NA,NA,NA,NA,NA,NA,NA,NA,NA,NA,NA,0,NA,"oocysts/L"
"P_00471","P_00460",20.5624999999999,45.4374999999999,FALSE,0.213812489062548,0.510511615089819,0.12774340486265,0.469999998807907,NA,NA,NA,NA,NA,NA,NA,NA,NA,NA,NA,NA,NA,NA,NA,0,NA,"oocysts/L"
"P_00472","P_00473",20.4583333333334,45.4416685846397,FALSE,12.0517330169678,1.13343429927163,0.39173631371231,0.519999980926514,NA,NA,NA,NA,NA,NA,NA,NA,NA,NA,NA,NA,NA,NA,NA,0.0149229259047298,NA,"oocysts/L"
"P_00473","P_00474",20.4633333333334,45.4466685846397,FALSE,12.0517330169678,1.13343429927163,0.39173631371231,0.519999980926514,NA,NA,NA,NA,NA,NA,NA,NA,NA,NA,NA,NA,NA,NA,NA,0.0148947021593427,NA,"oocysts/L"
"P_00474",NA,20.4683333333334,45.4516685846397,FALSE,12.0517330169678,1.11340656628408,0.398782787597174,0.490000009536743,NA,NA,NA,NA,NA,NA,NA,NA,NA,NA,NA,NA,NA,NA,NA,0.0148660263921725,NA,"oocysts/L"
"Source00001","P_00076",22.1732869129604,45.856620573165,FALSE,4.13667869567871,0.988772734846529,0.269995477101976,0.649999976158142,NA,NA,NA,NA,NA,NA,NA,NA,NA,NA,NA,NA,NA,NA,NA,0.00545735893769499,NA,"oocysts/L"
"Source00002","P_00320",22.3124999999999,45.7708333333332,FALSE,1.40950000286102,2.17135490561187,0.073666117357037,17.1800003051758,NA,NA,NA,NA,NA,NA,NA,NA,NA,NA,NA,NA,NA,NA,NA,0.000260881936187118,NA,"oocysts/L"
"Source00003","P_00237",21.4958333333332,45.7874999999999,FALSE,9.60550928115845,0.980175891501326,0.406640793789688,0.370000004768372,NA,NA,NA,NA,NA,NA,NA,NA,NA,NA,NA,NA,NA,NA,NA,0.00213296533269729,NA,"oocysts/L"
"Source00004","P_00291",21.2541666666665,45.7624999999999,FALSE,10.4099817276001,1.19466895018387,0.346645149758531,0.680000007152557,NA,NA,NA,NA,NA,NA,NA,NA,NA,NA,NA,NA,NA,NA,NA,0.00434123658969891,NA,"oocysts/L"
"Source00005","P_00309",21.1708333333332,45.7374999999998,FALSE,10.5733208656311,1.09262163407507,0.381838456885506,0.5,NA,NA,NA,NA,NA,NA,NA,NA,NA,NA,NA,NA,NA,NA,NA,0.0209409042320557,NA,"oocysts/L"
